0,0,0,0,0,0
0.2,2.9481,2.9093,-0.44854,0.14276,-0.02179
0.3,3.0728,3.0583,1.354,0.52354,-0.0010691
0.4,2.9082,2.9937,1.461,0.63252,0.0034814
0.5,3.0207,2.9813,1.9529,0.14018,-0.0043826
0.6,3.0696,2.9816,2.6023,-0.1092,0.01082
0.7,2.9717,2.9952,2.861,0.061053,-0.0038312
0.8,2.9776,3.0072,4.2135,-0.0012675,0.030073
0.9,3.0523,3.0845,5.6333,-0.14375,-0.0048701
1,2.9165,2.9512,5.2571,-0.046095,0.0032528
1.1,3.0077,2.9403,5.8348,0.86915,-0.0030276
1.2,2.9538,2.9872,6.7684,-0.19458,-0.0042915
1.3,2.9827,3.0597,7.6224,-0.37738,-0.0075055
1.4,2.9124,3.0567,7.7459,-0.12184,0.0018021
1.5,2.9346,2.9536,8.4924,-0.16171,-0.020696
1.6,2.9612,3.0133,9.5388,0.044512,0.0014598
1.7,2.9758,3.0106,9.8729,-0.45432,0.010597
1.8,2.9164,2.9977,10.084,0.82898,-0.003151
1.9,3.1626,2.9862,10.439,1.173,-0.00018623
2,2.9871,3.0073,10.895,-0.73528,-0.006492
2.1,3.0035,3.0576,12.611,0.24293,0.012084
2.2,3.1322,3.0329,13.086,-0.15169,0.012095
2.3,2.9432,2.9833,12.767,-0.28158,0.020094
2.4,2.9897,2.9785,14.322,-0.15903,0.0032403
2.5,3.0279,2.9563,14.221,0.97006,0.0013859
2.6,3.0458,3.0644,15.292,0.063493,0.01296
2.7,2.9364,3.061,14.536,-0.63876,-0.0043234
2.8,2.9957,2.9176,16.593,-0.038562,-0.011084
2.9,2.9398,2.9514,16.377,-0.063984,-0.00054686
3,2.9704,2.9957,17.073,0.089321,0.015657
3.1,3.0435,2.9793,18.074,-0.080714,-0.0043191
3.2,2.9841,3.0562,18.324,0.096192,0.006229
3.3,2.9478,2.9239,19.589,0.19501,-0.0053959
3.4,3.0571,3.016,19.594,-0.22288,-0.0050716
3.5,2.9447,3.138,19.252,0.138,5.7124e-05
3.6,2.9353,2.9926,21.197,0.51846,0.0011394
3.7,3.0294,3.0885,21.545,-0.2893,-0.014432
3.8,3.0429,2.9743,22.918,0.036446,-0.0013577
3.9,2.9716,2.974,22.163,0.30267,-0.0042381
4,3.0323,2.9147,23.574,-0.46114,-0.015781
4.1,2.9881,3.0311,24.52,0.6218,-0.0038164
4.2,2.9516,3.1529,24.323,-0.3552,0.0047849
4.3,2.9459,2.9664,24.431,-0.10052,-0.011337
4.4,3.0196,3.0095,25.438,-0.19315,-0.0057492
4.5,3.0085,2.967,26.536,-0.42677,0.0059023
4.6,2.9917,2.897,27.096,0.47532,0.012716
4.7,3.0115,3.0743,27.948,1.0582,0.0026721
4.8,3.0241,3.0219,28.48,0.41784,0.010707
4.9,2.9505,2.935,29.471,0.4854,-0.008498
5,2.9975,3.0929,28.82,0.16525,-0.013904
5.1,3.0087,3.0155,29.909,0.47344,-0.0013673
5.2,3.0596,3.0551,30.462,0.13085,0.0021152
5.3,3.0486,3.0625,31.599,0.01395,-0.0089041
5.4,2.9355,3.0553,32.803,0.13619,-0.00068548
5.5,3.047,2.9157,32.27,-1.0027,0.0042976
5.6,3.0015,3.0165,32.785,-0.93551,0.0099817
5.7,2.9672,3.009,34.078,0.28773,-0.0082948
5.8,2.987,2.9892,34.698,0.64583,-0.010654
5.9,2.949,3.0066,34.799,0.1011,-0.010525
6,2.9327,2.996,36.021,0.31784,-0.0011878
6.1,2.9808,2.9437,36.452,0.42941,-0.0016623
6.2,3.0195,3.0137,37.066,0.82419,-0.017665
6.3,2.9846,2.996,36.559,-0.14572,0.0081625
6.4,2.962,2.8945,37.288,0.14431,-0.00765
6.5,3.0476,2.972,38.516,-0.29929,0.0063413
6.6,2.9177,3.0824,38.89,-0.069219,-0.014309
6.7,2.9999,2.9965,38.995,0.29931,0.020195
6.8,3.0597,2.9968,40.48,0.1075,0.0042204
6.9,2.8964,2.9545,40.657,0.31817,0.0036623
7,2.9949,2.8916,40.685,0.6718,0.0013805
7.1,3.0009,2.9831,43.458,-0.34347,-0.0014236
7.2,3.0269,3.0664,42.534,0.48507,0.0099857
7.3,3.0131,2.9341,43.603,0.052172,0.015567
7.4,2.9579,2.9998,43.547,-0.92256,-0.010525
7.5,2.9019,3.0848,44.521,0.30135,0.0020677
7.6,3.0562,3.076,44.797,-0.48308,0.011088
7.7,3.1127,2.989,45.219,0.16724,-0.0094411
7.8,2.961,3.0339,46.09,0.26432,-0.0050381
7.9,3.0294,3.0172,47.06,0.5886,0.0087522
8,2.9228,3.0914,46.777,-0.88401,0.0095916
8.1,2.9609,2.905,47.978,0.92174,0.0089775
8.2,3.0347,2.9465,48.196,0.4623,0.013292
8.3,3.0558,3.0279,48.689,-0.092708,0.012346
8.4,3.0708,3.0202,49.857,0.17571,-0.0046849
8.5,3.0433,3.0118,50.641,-0.06939,0.0033029
8.6,2.9695,3.0812,50.866,0.35973,-0.019434
8.7,3.0504,2.9822,51.917,-0.20798,0.0069558
8.8,2.9739,2.979,51.722,-0.74764,0.0043615
8.9,3.056,3.0084,52.475,-0.5701,-0.0097121
9,3.0896,3.0054,52.862,-0.55727,-0.0073902
9.1,2.9895,3.1022,54.025,-0.62086,-0.0072082
9.2,2.9509,3.0681,55.618,0.78189,-0.003355
9.3,3.0614,2.9982,55.139,-0.53965,-0.0023875
9.4,2.9614,2.9888,55.485,-0.16348,-0.015754
9.5,3.0271,2.9364,56.573,-0.30762,-0.0083818
9.6,2.9076,2.9851,57.462,0.84336,0.0054729
9.7,2.9368,2.9895,58.155,0.25583,-0.0061548
9.8,3.0118,3.0454,58.011,-0.37124,-0.0080007
9.9,3.0261,3.025,58.559,-0.75457,0.0011366
10,2.9868,3.0042,60.113,0.1531,-0.0082957
10.1,3.1073,2.9665,59.755,0.27713,-0.013667
10.2,3.007,2.998,61.631,0.62583,0.0039572
10.3,2.9456,3.026,61.022,-0.26313,-0.018595
10.4,2.8855,3.0174,62.025,-0.18901,0.0063488
10.5,3.0158,2.9307,61.786,0.58864,0.0045815
10.6,2.9841,2.9477,63.129,0.12279,-0.018521
10.7,3.0472,3.0031,63.767,-0.66046,0.016472
10.8,3.0418,2.9587,64.098,-0.30807,0.0041627
10.9,3.0404,3.0184,65.037,0.26791,-0.010805
11,3.0356,2.9564,65.708,-0.54718,0.010999
11.1,3.021,3.0396,65.662,0.39236,-0.0075256
11.2,2.9813,2.9865,66.856,0.63987,-0.0023414
11.3,2.9897,3.0154,66.864,0.7275,0.010545
11.4,3.0471,2.9768,67.008,-0.43232,0.0042562
11.5,2.9681,3.0155,68.063,0.10088,-0.0018657
11.6,3.0197,2.9167,69.659,-0.099219,0.0038442
11.7,3.093,3.0005,70.173,-0.16394,0.010261
11.8,3.0233,3.0004,70.058,0.27692,-0.0093696
11.9,2.9543,3.049,71.129,0.28377,-0.0038927
12,3.0005,2.9269,70.748,0.20725,-0.010731
12.1,3.0068,2.9221,71.777,-0.46935,0.0055633
12.2,3.0005,3.0136,72.027,-0.59416,-0.012578
12.3,3.0535,3.0301,73.294,-0.39444,-0.010757
12.4,3.0496,3.0248,73.251,0.82429,-0.017641
12.5,3.0163,3.0337,74.477,-0.4824,0.0025332
12.6,2.9894,3.0101,74.842,0.25686,-0.0050151
12.7,2.935,3.0455,76.088,0.41957,-0.016023
12.8,3.0221,2.9457,76.647,0.47288,0.010143
12.9,3.0909,2.9287,76.993,0.78904,0.00031842
13,3.0014,2.9649,77.955,0.13293,0.012118
13.1,2.9484,2.9585,78.021,0.096875,-0.009488
13.2,3.0185,2.9861,79.236,0.027682,0.0026325
13.3,2.9553,2.9162,78.038,1.0046,0.0059549
13.4,3.0743,2.9927,79.019,-0.56901,-0.011819
13.5,2.8798,3.0343,79.924,0.14853,0.0014505
13.6,2.9666,3.0634,81.156,-0.76555,-0.00087283
13.7,3.0148,2.9749,81.767,0.63662,0.0044361
13.8,3.0552,3.0961,83.032,0.17566,0.016306
13.9,2.9232,3.002,83.115,0.1702,-0.002718
14,2.8947,3.0018,82.775,-0.30919,0.0083119
14.1,2.9575,3.0422,83.616,0.97321,0.010479
14.2,2.9443,3.037,85.735,-1.3244,-0.0048723
14.3,2.936,3.0169,85.64,0.097652,7.4084e-05
14.4,3.0166,2.9468,85.294,0.38823,-0.0054008
14.5,3.0754,3.0507,85.92,0.18525,0.0072606
14.6,3.0097,2.9706,87.52,1.5543,0.00070701
14.7,3.0261,3.0809,87.372,-0.42505,0.0015671
14.8,2.8914,2.9575,87.748,0.50892,-0.0051294
14.9,2.9549,2.9744,88.522,0.61422,-0.0035976
15,2.9511,3.0362,89.6,0.38359,-0.0059946
15.1,2.9317,3.0137,89.973,-0.026313,-0.0047261
15.2,3.0177,3.0047,90.509,-0.17925,-0.024296
15.3,3.0614,3.0381,91.17,1.1563,0.012194
15.4,2.9733,2.9205,91.261,-0.57697,0.0052481
15.5,3.0042,3.0734,91.804,0.14994,0.0020339
15.6,2.9796,2.9373,93.517,1.0151,0.0088438
15.7,3.0336,2.9396,93.905,0.75027,0.0087597
15.8,3.0075,2.9856,94.492,-0.50788,-0.013922
15.9,2.9153,2.9852,94.378,0.60137,-0.001689
16,3.0416,2.8885,95.087,-0.47773,0.008016
16.1,3.0247,3.1445,96.992,0.73662,-0.0041145
16.2,2.8643,3.0295,96.567,-0.14257,0.016935
16.3,2.8474,2.9749,96.163,-0.63654,0.0040675
16.4,3.0501,2.9851,97.383,0.82466,0.0046649
16.5,3.0465,3.0555,99.07,1.2865,0.0075233
16.6,3.0354,3.0185,99.298,-0.0099984,8.5954e-05
16.7,3.0122,2.8862,100.2,0.34999,0.003136
16.8,3.0411,2.9727,99.717,0.30135,0.011538
16.9,3.0288,2.9851,100.04,0.46143,0.0058898
17,3.0682,3.0265,101.21,0.23955,0.0023098
17.1,2.9289,2.9803,101.69,-0.25589,-0.0027058
17.2,2.9533,3.0122,102.77,-0.21126,-0.0041229
17.3,3.0931,3.0703,102.66,0.30318,-0.0047759
17.4,2.981,2.9625,103.06,0.59525,-0.019303
17.5,2.9939,3.0113,103.57,0.42218,0.0019535
17.6,2.9909,2.9742,104.85,0.32192,-0.018825
17.7,3.0231,2.9284,105.55,0.55703,0.010383
17.8,2.9555,3.0153,105.56,-0.035476,0.012713
17.9,2.9068,3.0871,107.16,-0.66364,0.0178
18,3.0325,3.0451,107.55,-0.022077,0.01164
18.1,2.9427,2.9146,107.9,-0.022937,-0.01001
18.2,3.0113,3.0349,109.08,0.65705,-0.0016566
18.3,2.9767,2.993,108.99,-0.042646,0.01018
18.4,2.9956,2.9999,109.09,-0.45998,0.019582
18.5,2.9774,2.8877,110.28,-0.61167,-0.0073666
18.6,3.0228,3.0702,111.59,-0.84903,0.017556
18.7,2.9169,3.086,111.15,-0.12632,0.02687
18.8,3.0312,3.0939,112.33,1.2229,0.0024513
18.9,2.9829,2.8933,113.47,0.25014,-0.0024796
19,3.0851,3.0862,112.9,-0.14791,-0.013097
19.1,3.0473,2.9863,114.18,-0.2255,0.0093016
19.2,3.0122,3.019,115.26,-0.080173,-0.022663
19.3,3.0465,3.0234,115.46,0.26821,0.008274
19.4,3.061,3.0054,115.46,0.64349,-0.0043814
19.5,2.9548,3.0447,116.89,-0.24688,0.011085
19.6,3.0157,3.0949,117,-0.012083,0.00074988
19.7,3.1108,2.976,117.48,0.16183,0.0049631
19.8,2.9454,2.9736,117.39,-0.39401,-0.0015328
19.9,2.9717,2.8902,118.68,-0.58678,-0.010244
20,3.0012,2.9888,119.35,0.078257,0.0017282
20.1,2.9709,3.0543,121,-0.64818,-0.012227
20.2,2.9907,2.8921,120.32,-1.1375,-0.0093374
20.3,2.9344,3.0133,121.01,0.1724,0.0079693
20.4,3.0466,2.941,122.39,-0.11722,0.013002
20.5,3.0543,2.9774,123.32,0.57616,0.0028881
20.6,2.9787,3.016,123.82,-0.39467,-0.0092502
20.7,3.0174,3.0221,124,0.28367,-0.010199
20.8,3.1082,3.0369,124.4,0.26068,0.0055997
20.9,3.0432,3.0299,124.57,-0.4054,-0.015015
21,2.9506,2.9643,126.19,0.47587,0.0067133
21.1,3.0679,3.0437,125.8,-0.56664,0.0063021
21.2,3.0801,2.9164,126.09,-0.86186,-0.0084683
21.3,2.9449,3.0835,126.84,-0.48534,0.0068924
21.4,3.0572,2.9369,127.43,-0.32826,-0.0040318
21.5,2.9943,2.99,128.36,0.1033,0.00071665
21.6,3.0006,3.0388,128.73,0.10374,0.00079132
21.7,2.9068,3.0151,129.28,0.079861,-0.0051723
21.8,3.0529,2.9536,129.69,-0.30213,-0.0043346
21.9,3.0273,2.9866,129.85,0.59284,-0.0035367
22,3.0005,2.9747,131.6,-0.13789,-0.007393
22.1,2.9732,3.1205,131.95,-0.2167,-0.0063053
22.2,3.0214,2.9834,132.9,0.14941,-0.0017095
22.3,2.954,3.0431,133.57,-0.14746,-0.011484
22.4,3.0864,3.0659,134.34,-0.057062,0.013373
22.5,3.0602,3.0128,134.41,-0.26798,-0.0049938
22.6,2.9334,3.0874,135.39,0.15919,-0.017138
22.7,3.0621,2.9925,135.77,0.5534,0.007516
22.8,3.0749,2.923,134.98,-0.38153,0.0025479
22.9,2.947,2.9787,136.66,0.35415,-0.0050158
23,2.9865,3.0078,137.62,-0.43446,-0.0056863
23.1,2.9514,2.9269,138.25,-0.042653,0.0055775
23.2,3.0095,3.0877,138.28,-0.11881,0.014684
23.3,3.0529,2.8817,139.66,0.7903,0.0017097
23.4,2.9868,3.0166,139.23,0.25555,-0.013216
23.5,2.99,3.0364,140.63,-1.1725,-0.0014755
23.6,2.9691,2.9784,140.9,-0.35317,-0.003499
23.7,2.9707,2.979,142,-0.020812,-0.0061497
23.8,2.9846,3.032,142.53,0.33763,0.0060679
23.9,2.9789,3.0529,141.63,-0.18699,0.0018004
24,3.0512,2.9913,143.35,0.23792,0.016001
24.1,2.9674,2.9963,144.19,0.26124,0.0022336
24.2,3.0347,2.9382,144.51,-0.25033,0.0095218
24.3,3.0093,2.9359,145.46,0.0531,0.0050969
24.4,2.9678,2.9521,146.14,0.023405,-0.0036118
24.5,2.9395,2.9541,146.89,0.010639,-0.0028809
24.6,2.9412,3.0367,146.38,0.095407,-0.0065803
24.7,2.9996,2.9695,146.83,-0.47545,-0.010777
24.8,3.1288,3.0448,147.79,0.76767,0.018025
24.9,2.9754,2.9611,147.54,-0.14885,-0.0057644
25,3.0839,2.9594,149.86,-0.85044,-0.0046109
25.1,2.9779,3.0119,149.96,-0.90579,-0.0044876
25.2,3.0077,2.9243,150.06,0.52422,0.0051634
25.3,3.0541,2.9665,150.17,-0.12747,-0.0033943
25.4,3.0166,3.0515,152.16,0.61561,0.0011344
25.5,3.0016,3.0292,152.86,-0.14775,0.008417
25.6,2.9641,2.9825,153.16,0.043687,-0.024528
25.7,3.0749,3.0427,153.96,-0.010303,0.00098902
25.8,2.9467,3.0127,154.46,0.25767,-0.007172
25.9,2.9983,3.0056,154.74,-1.0217,0.0059952
26,3.0194,3.0242,155.15,0.38333,-0.0037809
26.1,2.9513,2.9533,156.64,-0.31687,-0.007666
26.2,3.0408,2.9387,156.47,-0.13877,-0.0080453
26.3,3.0482,3.0088,157.58,-0.41722,-0.0037335
26.4,3.044,2.9264,157.66,-0.01657,0.0053181
26.5,3.0176,2.9428,157.49,0.18981,-0.0044409
26.6,3.0074,3.054,158.97,0.086988,0.011838
26.7,3.0464,3.0327,159.19,-0.076485,-0.0054273
26.8,3.0207,3.0375,159.54,-0.13822,0.0024352
26.9,3.0151,3.0034,159.94,-0.15132,0.0075804
27,3.0981,3.0375,160.62,0.19979,0.010277
27.1,3.0275,2.9525,161.73,0.17768,0.013178
27.2,2.9961,2.9994,163.17,0.57275,0.0035994
27.3,2.9423,2.974,163.51,0.47816,0.0053751
27.4,2.9781,3.0123,163.12,0.41096,-0.0057606
27.5,3.0881,2.9786,164.22,-0.2227,0.020026
27.6,3.0243,2.9229,164.35,0.54581,0.0026397
27.7,3.0333,2.9412,165.26,0.16731,-0.017567
27.8,3.0004,3.0224,165.71,-0.16808,0.011584
27.9,3.0727,2.9477,166.99,0.072801,-0.010996
28,3.0467,2.9738,167.71,-0.62143,-0.00021554
28.1,3.0345,3.0242,167.75,0.26987,-0.0074463
28.2,2.9441,3.0157,168.97,0.21046,-0.0096723
28.3,3.0298,3.0076,169.21,-0.14438,-0.0025865
28.4,3.0502,2.9731,169.42,0.086238,0.0050618
28.5,2.991,3.0798,170.86,0.58938,0.011491
28.6,2.9873,2.8615,171.63,-0.25554,0.01956
28.7,3.0143,2.9441,170.94,-0.27651,-0.0014299
28.8,3.0255,2.9536,172.9,0.45451,-0.0039164
28.9,2.8956,2.9964,172.93,0.40624,-0.0052491
29,2.9607,3.0346,173.85,-0.22763,0.0046364
29.1,2.9935,3.0048,174.03,-0.45403,-0.0095154
29.2,3.007,3.0196,173.98,0.3089,-0.0085475
29.3,3.0585,2.9886,174.91,0.46891,-0.0020549
29.4,3.0017,2.9066,175.06,0.22109,-0.0078318
29.5,3.0118,3.0216,175.48,0.36124,0.005899
29.6,2.9761,3.0403,176.41,0.65061,-0.0020383
29.7,2.9046,2.9297,177.29,0.18466,-0.011895
29.8,2.9819,3.0396,177.89,-0.41306,0.011671
29.9,2.9741,3.0098,178.93,0.14639,-0.0040071
30,0.9761,1.9517,179.92,-0.04627,0.019693
30.1,1.0575,2.0298,178.89,-0.80132,0.067181
30.2,1.0143,2.0108,178.62,0.30347,0.09924
30.3,1.0591,2.0136,179.57,-0.38327,0.11179
30.4,1.0798,1.9786,179.89,-0.69543,0.17007
30.5,1.0434,1.9667,181.07,-0.15244,0.1834
30.6,0.98028,1.9346,180.45,0.19449,0.2168
30.7,0.98697,2.0214,181.54,0.46777,0.24298
30.8,1.0422,2.0294,181.59,1.4317,0.30902
30.9,1.0716,1.9435,182.01,0.89334,0.32383
31,0.99511,2.1252,181.62,0.3902,0.3358
31.1,0.96577,1.9816,182.12,1.1086,0.3774
31.2,1.0044,2.0001,183.33,1.2953,0.39874
31.3,1.0267,2.0399,182.64,0.28682,0.43996
31.4,0.98952,1.9969,183.1,0.76606,0.45552
31.5,0.95683,1.9783,183.07,0.35148,0.50159
31.6,1.1305,2.0201,183.26,1.0702,0.54335
31.7,1.0251,2.0418,184.95,0.79255,0.56842
31.8,0.97132,1.9848,183.88,1.2557,0.5931
31.9,0.8857,1.977,183.91,1.7964,0.63181
32,1.0251,2.0013,184.47,1.8735,0.65597
32.1,1.0287,2.0578,184.54,2.0508,0.68777
32.2,0.98855,1.9847,185.98,2.7755,0.71633
32.3,1.0628,2.0278,184.89,3.0279,0.73802
32.4,1.0113,2.0886,184.93,2.3059,0.77554
32.5,1.0134,1.9151,185.76,2.1625,0.81904
32.6,0.9993,2.016,186.08,2.4231,0.85566
32.7,1.0435,2.0004,187.05,2.7852,0.89851
32.8,1.005,1.9374,186.36,3.2569,0.91483
32.9,1.0686,1.9898,185.42,4.1201,0.94098
33,1.0135,1.9996,187.12,4.467,0.97391
33.1,1.0027,2.0044,186.93,4.7761,1.0143
33.2,0.97417,1.9949,187.1,4.276,1.047
33.3,0.93929,1.9988,186.8,4.8944,1.0691
33.4,0.93986,2.0047,187.08,5.1704,1.1107
33.5,1.0523,2.0018,187.58,5.5257,1.1359
33.6,1.0755,2.0038,188.52,5.5961,1.1624
33.7,0.92889,2.0312,187.72,6.1792,1.1888
33.8,1.0804,2.0422,188.06,5.9906,1.2327
33.9,0.99132,2.063,187.36,6.4409,1.2742
34,1.1045,2.0079,188.29,6.8643,1.2789
34.1,0.96337,2.0032,187.88,7.0493,1.3296
34.2,1.0431,1.9339,187.99,7.1957,1.368
34.3,1.0182,1.9497,187.99,7.2599,1.3821
34.4,1.0469,2.008,188.09,8.2409,1.4239
34.5,0.88104,1.9886,189.51,8.4132,1.4408
34.6,0.9835,2.0531,188.24,8.8131,1.4793
34.7,0.99924,1.985,188.27,8.7641,1.5196
34.8,1.0501,1.9634,188.41,8.9032,1.5349
34.9,1.0774,2.0082,188.43,10.426,1.5778
35,2.9993,2.9898,188.35,9.4799,1.5775
35.1,3.0923,2.8776,189,11.029,1.5882
35.2,3.0196,3.0109,188.92,10.82,1.5447
35.3,3.0069,2.9757,189.06,10.938,1.563
35.4,2.9985,3.0153,188.87,12.643,1.584
35.5,3.0027,2.9988,188.86,12.864,1.5566
35.6,3.0974,3.0472,188.59,13.43,1.5775
35.7,3.0503,3.0564,188.99,13.736,1.5812
35.8,2.9746,2.9669,187.53,15.128,1.5877
35.9,2.8908,2.9419,189.41,15.179,1.5876
36,2.9697,3.0592,188.16,16.293,1.5642
36.1,2.9442,3.0435,188.36,16.697,1.5805
36.2,3.0969,2.9576,187.73,16.864,1.5883
36.3,2.9453,3.0052,188.91,18.953,1.5785
36.4,2.969,3.0147,188.54,19.419,1.5594
36.5,3.0726,3.0715,188.98,19.18,1.5852
36.6,2.9081,2.9662,188.98,20.279,1.5653
36.7,3.0376,2.9718,187.62,21.043,1.5712
36.8,3.0418,2.9089,188.49,21.88,1.5764
36.9,3.0613,2.9675,188.91,21.246,1.5824
37,2.9947,3.0187,188.73,21.623,1.5764
37.1,2.9713,3.0464,188.46,22.754,1.5827
37.2,3.0407,3.0212,188.79,22.832,1.5956
37.3,3.086,3.1243,187.61,23.936,1.5718
37.4,2.9621,3.0724,188.58,23.391,1.5821
37.5,2.9485,3.0768,187.76,25.174,1.5738
37.6,2.9898,3.0294,187.94,25.652,1.5948
37.7,3.0348,2.9728,188.22,26.709,1.5733
37.8,3.0761,3.0373,188.25,27.299,1.56
37.9,3.0691,2.9838,188.58,27.135,1.5779
38,3.0893,2.9779,188.52,27.624,1.5734
38.1,3.0107,3.0049,189.01,29.258,1.5844
38.2,2.9969,2.9916,189.11,28.824,1.5789
38.3,2.9774,3.0507,188.62,29.752,1.5866
38.4,3.0489,3.0132,187.31,30.039,1.5634
38.5,2.9976,2.9642,187.18,30.831,1.5594
38.6,2.9845,3.007,189.23,30.942,1.5734
38.7,3.0681,2.9902,189.09,32.211,1.5649
38.8,2.9727,3.0556,188.15,33.545,1.5689
38.9,2.9822,3.0078,188.8,33.987,1.5704
39,3.0716,2.9744,188.93,33.763,1.5735
39.1,2.8896,3.0082,188.2,34.91,1.5876
39.2,3.0149,2.9793,189.11,34.408,1.5694
39.3,3.0571,2.9622,188.78,35.371,1.5727
39.4,2.9682,2.9637,188.13,36.785,1.5577
39.5,3.0112,2.9286,188.21,36.967,1.5871
39.6,2.9445,2.9869,188.91,37.015,1.5568
39.7,3.0272,2.9768,189.19,37.702,1.5753
39.8,3.0184,2.9999,188.27,38.268,1.5695
39.9,3.0351,3.0548,188.42,39.595,1.5806
40,3.1007,2.9709,188.3,39.404,1.5659
40.1,3.007,3.0244,188.61,40.835,1.5654
40.2,3.0306,2.9753,188.18,40.072,1.5644
40.3,2.9075,2.9824,187.87,41.586,1.5776
40.4,2.9305,3.0373,188.79,42.324,1.573
40.5,2.9914,3.03,188.38,42.636,1.567
40.6,2.9755,2.97,188.11,43.687,1.5689
40.7,3.043,2.985,188.52,44.006,1.5817
40.8,2.9359,2.9234,187.96,45.935,1.5917
40.9,3.0361,2.9906,188.09,45.288,1.5775
41,3.075,3.0331,189.04,45.429,1.5529
41.1,2.9821,2.9377,188.44,45.928,1.5794
41.2,2.9752,3.0157,188.23,47.908,1.564
41.3,2.9838,2.9273,187.49,48.47,1.5716
41.4,3.0036,2.9681,188.46,48.317,1.5765
41.5,2.9539,2.983,189.05,49.388,1.577
41.6,2.9567,3.0119,187.24,50.106,1.5722
41.7,3.002,3.1065,188.59,50.782,1.5848
41.8,2.9825,2.9971,188.32,50.629,1.5727
41.9,2.9063,3.003,188.22,50.605,1.5693
42,2.9331,3.0088,187.77,52.22,1.5734
42.1,3.0249,3.0364,187.74,52.529,1.558
42.2,2.9561,3.0006,188,53.639,1.5628
42.3,2.9666,3.0767,188.67,52.858,1.5743
42.4,3.0049,2.941,189.24,54.067,1.5827
42.5,3.0511,3.0262,188.37,55.296,1.5648
42.6,2.9488,2.9839,187.14,55.414,1.5994
42.7,3.0172,3.0143,188.17,56.16,1.5678
42.8,3.0687,2.9817,188.43,56.362,1.5662
42.9,2.9696,2.9669,187.53,57.382,1.5604
43,3.0041,3.0248,188.62,58.463,1.5925
43.1,2.9581,2.9577,188.84,59.324,1.5705
43.2,2.966,2.9745,187.54,59.338,1.5816
43.3,3.1158,2.9817,188.18,59.998,1.5778
43.4,3.1133,3.0169,189.27,60.852,1.5898
43.5,2.9508,3.0769,187.81,61.675,1.5633
43.6,3.1374,3.035,188.37,61.53,1.5757
43.7,3.0067,3.0064,188.42,61.682,1.5708
43.8,3.0228,3.0024,188.05,63.167,1.5841
43.9,2.9835,2.9503,188.78,63.285,1.569
44,3.0881,3.054,187.79,64.881,1.5582
44.1,3.0294,3.0525,188.12,63.807,1.5686
44.2,2.9722,3.0323,188.22,65.222,1.5846
44.3,2.9676,2.9593,188.1,65.142,1.5632
44.4,2.9881,2.9617,187.8,66.22,1.5878
44.5,3.0624,3.0119,188.34,66.631,1.5648
44.6,2.9663,3.0557,188.7,68.035,1.5712
44.7,3.0495,3.0021,187.67,68.75,1.5682
44.8,2.9703,2.9704,188.81,68.197,1.5781
44.9,3.0087,3.0344,188.52,69.921,1.5855
45,2.9808,3.0541,188.27,70.627,1.5886
45.1,3.0454,2.983,188.34,70.646,1.5772
45.2,2.9677,3.0039,188.21,71.886,1.5772
45.3,2.9132,2.9552,188.34,71.226,1.5717
45.4,3.0554,3.0307,188.01,72.783,1.5691
45.5,2.9533,3.0357,188.7,72.061,1.5824
45.6,2.9228,3.0191,189.03,73.726,1.5836
45.7,2.97,2.9526,187.42,74.655,1.5703
45.8,3.0478,3.005,187.63,75.235,1.5796
45.9,3.0039,2.9578,187.53,75.92,1.5827
46,3.1069,3.055,188.12,75.226,1.5707
46.1,3.0997,3.0219,188.41,77.452,1.5663
46.2,2.976,2.9421,188.79,78.118,1.5862
46.3,2.9329,3.0374,187.95,77.914,1.5693
46.4,3.0429,2.951,188.38,79.238,1.5647
46.5,3.0681,2.9341,187.54,79.421,1.571
46.6,3.0852,3.0279,188.66,79.143,1.5684
46.7,3.1047,3.0308,187.42,79.46,1.558
46.8,2.9872,3.1326,187.26,80.882,1.5942
46.9,3.0488,3.1094,187.3,81.374,1.5683
47,2.9735,3.0645,187.87,82.155,1.587
47.1,3.0263,3.0707,187.85,83.071,1.5599
47.2,3.0258,3.0208,187.96,83.517,1.5513
47.3,3.0916,2.9531,188.38,84.119,1.5587
47.4,2.9763,2.9176,188.55,84.452,1.5871
47.5,2.9504,3.0447,188.28,84.935,1.5862
47.6,2.9239,2.9722,187.95,85.167,1.57
47.7,3.1137,3.0282,188.28,86.309,1.5724
47.8,3.0054,3.0344,188.08,86.072,1.5813
47.9,2.9271,3.013,188.51,87.175,1.5797
48,3.0869,3.0056,188.08,88.633,1.569
48.1,3.0831,3.0949,188.25,88.917,1.565
48.2,2.9959,3.087,188.29,89.139,1.5936
48.3,2.9785,2.9969,188.12,90.578,1.5821
48.4,2.9784,3.0374,187.88,91.347,1.5525
48.5,3.021,3.0556,188.15,90.419,1.5844
48.6,2.9741,3.0372,188,91.911,1.5731
48.7,3.0449,2.9697,189.32,92.852,1.5827
48.8,2.9677,3.0389,187.96,93.688,1.5825
48.9,3.0696,2.9912,187.88,93.543,1.5707
49,2.9644,3.0663,187.62,94.131,1.5914
49.1,2.9431,3.0582,188.07,94.145,1.5632
49.2,3.0304,3.1467,188.48,95.006,1.5959
49.3,2.9648,2.9836,188.57,94.73,1.5646
49.4,3.0086,3.0211,187.62,96.521,1.5764
49.5,3.002,3.0451,187.93,97.195,1.5694
49.6,2.9454,3.0198,186.14,97.378,1.569
49.7,3.0206,3.0163,188.64,97.944,1.5757
49.8,2.98,3.0869,188.03,98.36,1.5913
49.9,2.9105,2.9677,187.62,99.086,1.569
50,3.0713,3.0141,189.39,99.754,1.5742
50.1,2.9979,3.061,188.2,100.58,1.5734
50.2,3.0668,3.022,187.95,101.27,1.5972
50.3,3.076,2.9809,187.94,102.07,1.566
50.4,2.9876,2.9448,187.15,102.2,1.5738
50.5,3.0263,2.9952,187.21,103.32,1.5675
50.6,2.9377,3.0662,188.31,103.64,1.5767
50.7,3.0848,2.9741,187.78,103.39,1.5859
50.8,3.0268,3.0231,187.57,104.62,1.5771
50.9,3.0273,2.9811,187.11,104.93,1.5773
51,2.9905,3.078,187.17,105.29,1.5779
51.1,2.9342,3.0552,188.38,106.51,1.5619
51.2,3.0062,3.0352,188.24,107.03,1.5732
51.3,3.0633,3.0507,188.34,107.14,1.5489
51.4,2.9552,2.9532,187.83,108.1,1.5812
51.5,2.966,3.0834,187.99,109.04,1.5551
51.6,2.9567,2.8757,187.84,109.96,1.5888
51.7,2.9185,2.8956,188.24,110.28,1.5652
51.8,3.0307,2.9936,188.25,110.6,1.5664
51.9,3.0482,3.0551,188.76,111.19,1.57
52,3.0171,2.9702,188.24,111.64,1.573
52.1,2.9293,2.9037,188.13,112.46,1.567
52.2,2.9949,2.9819,188.69,113,1.5874
52.3,2.9621,2.9563,187.1,114.01,1.5787
52.4,3.0799,3.1159,188.71,114.58,1.5853
52.5,3.0052,2.9933,187.74,115.37,1.5782
52.6,2.9454,3.028,188.51,115.61,1.5763
52.7,3.0216,2.9618,187.65,116.93,1.5851
52.8,3.0606,2.9674,188.55,117.29,1.5838
52.9,2.988,3.0058,189.07,117.66,1.5597
53,2.9915,2.9019,188.38,117.6,1.574
53.1,3.0217,3.0152,187.3,118.27,1.5649
53.2,2.9739,3.0979,188.15,118.47,1.582
53.3,2.9824,3.0445,187.82,119.84,1.5875
53.4,3.0164,3.0679,187.91,120.34,1.5792
53.5,2.9796,3.018,188.29,120.82,1.5651
53.6,2.9782,2.9854,188.33,121.63,1.5845
53.7,2.9623,3.0226,188.41,122.49,1.5674
53.8,3.0268,2.9707,188,122.56,1.5845
53.9,2.9107,3.0096,187.92,122.88,1.5762
54,2.9806,3.0526,187.02,124.14,1.5804
54.1,2.894,3.0415,188.63,124.99,1.5918
54.2,3.032,2.9,187.46,125.89,1.5723
54.3,2.9453,2.894,187.38,125.46,1.5808
54.4,3.031,3.083,188.49,126.03,1.576
54.5,3.0191,3.0271,187.37,126.64,1.5714
54.6,2.9946,3.0886,188.17,127.11,1.5761
54.7,3.0011,2.9928,188.69,129.2,1.5764
54.8,3.0144,2.9391,188.49,128.39,1.5775
54.9,3.0139,2.9924,188.21,129.45,1.5967
55,2.0755,1.1088,188.46,129.77,1.5455
55.1,2.0101,1.0459,187.82,130.17,1.504
55.2,2.051,0.97533,187.33,130.17,1.4752
55.3,1.9569,0.97086,188.34,130.57,1.4332
55.4,2.0724,1.011,188.44,130.34,1.4159
55.5,2.0576,0.94375,188.32,132.02,1.3789
55.6,1.8966,0.89897,188.11,132.2,1.3512
55.7,1.9892,0.91477,188.39,131.86,1.3298
55.8,1.9646,1.0737,188.22,131.24,1.2894
55.9,2.0698,1.0242,187.47,133.26,1.2657
56,2.0042,0.99868,188.37,132.53,1.2184
56.1,2.0581,0.99524,189.07,133.25,1.1982
56.2,2.022,0.95508,188.94,134.05,1.1778
56.3,2.0169,1.0245,188.79,133,1.1269
56.4,1.9558,0.97679,189.43,134.3,1.1164
56.5,2.0306,1.0607,188.1,134.07,1.0447
56.6,2.0605,0.9669,189.72,134.74,1.035
56.7,1.9571,0.98459,189.25,134.62,1.0053
56.8,2.0222,0.94572,189.46,134.63,0.97477
56.9,1.9668,0.97356,189.77,135.22,0.95179
57,1.9911,1.0327,190.07,135.09,0.90873
57.1,2.0349,0.88505,190.63,135.87,0.87009
57.2,2.1019,0.99653,190.79,137.23,0.8434
57.3,2.0075,0.8497,189.9,135.71,0.82862
57.4,1.9735,1.0087,190.52,136.57,0.81429
57.5,1.9949,0.95466,190.58,136.16,0.74979
57.6,2.1063,1.0009,191.12,136.21,0.71901
57.7,2.0379,1.0043,191.7,136.88,0.68739
57.8,2.0767,1.0069,192.86,137.58,0.64695
57.9,1.9434,0.95189,191.57,137.21,0.63733
58,2.0743,1.0099,192.04,136.98,0.59993
58.1,2.0139,1.021,192.96,136.98,0.57253
58.2,1.9303,1.0629,193.82,138.2,0.5227
58.3,2.0074,0.97983,192.09,137.41,0.48439
58.4,1.9676,1.0548,193.21,136.78,0.4841
58.5,2.0448,0.93912,192.93,138.33,0.42749
58.6,1.9462,0.94814,193.82,138.31,0.40308
58.7,1.9411,0.98268,193.36,139.09,0.35833
58.8,1.9686,0.93211,194.77,138.86,0.33805
58.9,1.9788,1.0229,194.52,137.24,0.29505
59,1.9744,1.0589,194.9,138.18,0.2894
59.1,1.9654,0.94098,195.02,138.57,0.25026
59.2,1.951,1.0005,194.9,138.32,0.23007
59.3,1.9994,0.93662,196.23,138.53,0.18994
59.4,1.9439,1.0979,196.83,138.97,0.15031
59.5,2.0493,1.0177,196.11,139.84,0.13813
59.6,2.0087,1.0304,196.44,139.26,0.10257
59.7,2.0578,0.95638,196.8,139.43,0.049932
59.8,1.9945,0.96736,196.9,139.25,0.024281
59.9,2.0408,1.0078,198.12,139.09,-0.0027431
60,3.0113,3.0282,198.51,138.58,0.0055016
60.1,2.933,3.035,197.96,139.12,0.015422
60.2,3.0079,2.9663,198.86,139.16,0.0052682
60.3,2.9628,3.0218,199.39,139.14,0.0026898
60.4,2.9847,2.997,200.75,138.96,-0.021046
60.5,3.0301,2.9445,201.14,138.85,0.010551
60.6,2.9255,2.9665,201.73,139.46,-0.00066864
60.7,2.9751,2.942,202.22,138.49,0.02286
60.8,2.9878,3.0277,203.04,139.54,-0.0047388
60.9,3.0862,3.0122,203.45,139.25,0.011408
61,3.0601,2.9924,202.94,138.68,-0.017432
61.1,2.9286,3.0205,204.1,139.8,0.0062826
61.2,2.967,2.998,205.61,139.25,-0.0070277
61.3,3.0829,3.0119,206.63,139.73,0.001973
61.4,2.9865,2.9525,207.05,139.81,0.00036713
61.5,2.9721,3.0068,206.57,138.93,-0.0029893
61.6,3.0062,2.997,208.08,138.7,0.011846
61.7,3.0566,3.0288,208.3,138.49,0.0076641
61.8,3.0031,2.9791,209.06,139.47,0.02093
61.9,3.0101,2.9206,208.56,138.5,-0.012741
62,2.9726,3.0474,209.64,138.76,-0.016201
62.1,3.0215,3.0054,210.37,139.12,-0.0048173
62.2,3.0302,3.1064,211.36,139.7,0.0050852
62.3,3.0049,3.1115,210.9,138.88,0.013666
62.4,2.9874,3.0268,212.12,139.85,0.0089246
62.5,2.9733,2.9863,212.63,139.46,-0.023676
62.6,3.0443,2.9169,212.49,138.99,0.013015
62.7,3.0836,3.0686,213.43,139.59,-0.0054257
62.8,2.8742,3.0568,214.19,138.5,-0.017165
62.9,2.9837,3.0658,214.62,140.05,-0.005456
63,2.9894,3.025,216.74,138.7,0.018487
63.1,3.0266,2.9305,215.8,138.75,-0.0059112
63.2,3.0964,2.9247,218.64,137.74,-0.0027659
63.3,2.9809,3.0134,217.96,138.68,0.004159
63.4,2.914,2.9572,219.1,139.59,-0.010388
63.5,3.0763,2.9909,218.96,139.36,0.0017222
63.6,3.1158,3.0034,219.61,138.98,-0.014335
63.7,3.0194,3.0278,220.42,139.44,0.010039
63.8,2.9613,3.028,221.04,138.9,-0.00027364
63.9,2.9593,3.0195,221.17,140.08,0.0046611
64,2.9847,2.9637,220.61,139.24,-0.007842
64.1,3.0116,2.9248,222.93,138.79,0.0040604
64.2,2.9617,2.9965,223.75,139.16,0.0032348
64.3,3.0626,2.9778,223.97,139.66,0.011405
64.4,3.0317,3.1339,223.71,138.7,0.0029339
64.5,2.9773,3.0246,224.25,139.16,0.0085505
64.6,2.9495,2.9829,224.53,138.71,0.0030525
64.7,3.0646,3.0627,226.27,138.82,-0.014327
64.8,3.0395,3.0189,226.46,139,0.00071739
64.9,2.9617,2.966,227.2,138.84,0.013874
65,3.0117,3.0289,229.02,138.94,-0.0029447
65.1,2.9342,3.0235,228.3,138.75,0.0065314
65.2,2.931,2.871,229.98,139.79,0.0067311
65.3,2.908,2.9797,230.88,139.53,-0.0072007
65.4,2.972,2.9819,230.19,138.63,0.01999
65.5,3.0488,3.0192,231.71,138.65,0.00047985
65.6,3.0051,2.9415,231.88,139.03,0.012731
65.7,3.0348,2.9713,232.86,139.71,0.0090335
65.8,3.0439,2.9808,232.01,139.46,0.0088053
65.9,3.0505,2.9476,233.05,139.53,0.0073384
66,3.0427,2.9564,234.36,139.32,0.0072388
66.1,2.8768,2.9546,235.31,139.68,-0.016835
66.2,2.9631,2.882,235.24,139.07,-0.0069584
66.3,2.9556,2.9569,234.86,138.41,0.0048337
66.4,3.011,3.0557,236.6,139.06,-0.0032202
66.5,2.9318,2.9683,236.85,138.95,-0.018209
66.6,2.9577,2.9452,237.71,139.09,-0.0054955
66.7,2.9476,2.9492,237.01,139.81,-0.0097501
66.8,2.8759,2.9808,239.03,138.68,-0.0027633
66.9,3.0047,3.0041,239.91,138.37,0.012437
67,3.0728,3.0272,239.48,138.52,-0.0048446
67.1,2.9785,3.0145,241.01,139.61,0.010137
67.2,2.9976,2.9926,241.22,139.35,-0.010042
67.3,3.0337,2.9973,240.85,138.82,0.00076255
67.4,3.022,3.031,242.52,139.51,0.0022639
67.5,2.9794,3.053,242.97,139.09,-0.011609
67.6,3.0402,2.9617,243.97,138.48,0.0023065
67.7,2.98,2.9955,243.44,138.85,0.009587
67.8,3.1153,3.0347,243.82,138.89,0.004173
67.9,2.9655,3.1031,245.31,139.77,0.0028567
68,3.0037,3.0917,245.34,138.88,-0.015705
68.1,3.0138,3.0215,246.81,139.66,-0.012886
68.2,3.0715,2.9076,247.41,138.16,0.0080891
68.3,3.0123,3.0602,248.08,139.77,-0.0059465
68.4,2.9205,2.8997,249.36,139.69,0.0076308
68.5,3.0263,2.951,249.01,138.99,0.0045515
68.6,2.9717,3.1236,248.92,139.52,0.0065748
68.7,2.9859,3.1531,249.92,139.06,0.021854
68.8,3.0847,2.9255,251.3,139.34,0.0054311
68.9,2.972,2.9341,250.66,138.54,-0.0060676
69,2.941,3.0504,252.06,139.24,-0.012185
69.1,3.0365,2.8744,252.22,139.42,0.020023
69.2,2.9793,3.0434,254.26,138.81,-0.0070179
69.3,3.1157,3.0059,254.31,139.28,0.0074951
69.4,3.0329,3.0219,252.95,138.86,-0.0045365
69.5,2.9559,2.961,254.69,138.52,0.00044462
69.6,2.9604,2.9619,254.72,139.56,-0.018477
69.7,3.0398,2.9998,256.46,138.8,0.0053695
69.8,3.047,3.0112,256.82,139.14,-0.0013318
69.9,3.0082,2.982,256.48,139.66,-0.0064102
70,2.995,2.9918,258.26,139.88,-0.021854
70.1,3.0144,2.9797,257.86,138.95,-0.0016103
70.2,3.1116,2.9268,260.11,139.14,0.0083183
70.3,2.9785,2.9473,260.07,139.52,0.0091948
70.4,2.9881,3.0496,260.24,139.78,0.0014481
70.5,2.9876,2.9154,262.09,139.48,-0.0041469
70.6,3.0102,2.9841,261.23,138.71,-0.01558
70.7,3.0687,3.0433,262.04,138.93,0.01005
70.8,2.9076,2.8572,262.31,138.64,0.014048
70.9,2.9573,2.9143,262.58,138.88,0.0069787
71,2.8713,2.9738,263.56,139.71,0.020704
71.1,3.0271,3.0369,264.22,138.61,-0.00087275
71.2,3.0377,3.1107,265.28,138.64,-0.0097445
71.3,2.9438,3.0322,265.93,139.2,0.0048134
71.4,2.9953,2.9731,266.56,139.42,-0.010287
71.5,2.8836,2.9672,266.36,138.67,0.0097658
71.6,2.9621,2.9945,268.98,139.14,-0.0099489
71.7,3.0109,2.9279,267.76,138.85,0.00011821
71.8,3.0604,3.0078,268.64,139.24,-0.012009
71.9,3.0205,2.9686,269.59,138.95,-0.0090824
72,2.9138,3.008,270.17,138.83,-0.013652
72.1,2.9416,3.0515,270.17,139.27,-0.00015963
72.2,3.0498,2.9724,271.15,139.99,0.0073827
72.3,3.1095,3.0117,272.09,139.68,0.0097799
72.4,2.9533,2.8972,272.63,138.7,0.021313
72.5,3.0272,3.0353,273.31,139.7,-0.0030054
72.6,2.9967,3.0111,274.07,139.37,-0.0052149
72.7,3.0477,3.0139,273.64,139.14,-0.011322
72.8,2.9628,3.0298,273.79,138.41,0.014017
72.9,3.0212,3.0323,275.86,139.75,0.0030182
73,3.0424,2.9623,275.79,138.96,-0.0068273
73.1,2.9738,3.0225,276.43,139.2,-0.0039553
73.2,3.0031,3.0479,276.28,139.81,0.0057169
73.3,3.0712,3.053,277.12,139.06,-0.0046932
73.4,2.9281,3.0798,278.17,139.01,0.0092554
73.5,2.9933,2.9937,279.17,139.46,0.0081571
73.6,3.0295,3.0418,279.34,138.25,0.019725
73.7,2.9703,3.0789,280.91,139.58,0.0068254
73.8,3.01,2.991,280.52,138.81,-0.0058583
73.9,3.085,2.8971,281.24,138.93,0.009148
74,3.0131,2.9519,282.59,139.92,0.002856
74.1,3.0059,3.019,282.32,139.82,-0.018565
74.2,3.0739,2.9611,282.73,139.21,0.0034156
74.3,3.0274,3.0303,283.07,139.48,0.0068379
74.4,3.0353,3.0089,284.49,138.7,-0.0001112
74.5,3.04,2.9253,284.74,138.46,0.013381
74.6,3.0228,3.0649,285.36,139.4,0.006032
74.7,3.0515,3.0124,286.41,138.31,0.012277
74.8,2.9753,2.9659,285.91,139.17,0.00078018
74.9,3.0175,3.032,287.19,139.66,-0.0045305
75,2.9395,2.9794,287.59,139.2,0.0042891
75.1,2.9436,3.0147,288.29,139.58,-0.0073118
75.2,2.9957,2.9746,289.01,139.39,-0.0073651
75.3,2.9308,2.9509,289.07,139.36,0.0020386
75.4,3.0368,2.9609,290.51,138.84,0.0060858
75.5,3.0284,3.0097,291.9,138.59,-0.0021401
75.6,3.0003,3.0094,291.91,139.84,-0.006664
75.7,3.0082,2.8993,291.32,139.19,-0.0002194
75.8,2.9686,2.9214,292.55,139.67,0.0035898
75.9,2.9582,2.998,293.88,139.47,-0.022851
76,3.0118,3.0396,293.86,138.55,0.0015552
76.1,3.022,2.9764,294.38,139.12,0.0044226
76.2,3.0178,3.0319,294.99,138.69,0.0080772
76.3,3.0333,2.9549,295.99,139.44,-0.0065349
76.4,3.0696,3.0076,295.64,139.28,0.011464
76.5,2.9637,2.9875,297.62,139.52,-0.0024771
76.6,2.9792,3.0218,297.78,139.28,-0.0071218
76.7,3.004,3.0254,298.87,139.8,-0.0014332
76.8,2.9862,2.9841,299.7,139.67,0.018152
76.9,3.0071,3.0382,298.5,138.48,0.0013759
77,2.9537,2.9215,299.83,139.64,-0.0054326
77.1,2.9874,3.1137,301.4,138.74,0.00013931
77.2,2.8881,3.0254,301.19,139.31,0.013449
77.3,3.0286,2.9295,300.93,139.22,-0.0062932
77.4,2.9528,2.8877,301.97,139.55,-0.0065478
77.5,2.9997,2.9681,303.05,139.06,0.012273
77.6,2.946,3.0182,303.62,138.25,0.0031456
77.7,2.9473,2.9328,304.1,139.71,0.0049941
77.8,3.0753,2.9792,304.74,139.38,0.0088193
77.9,2.966,2.9793,305.29,139.09,0.0031007
78,3.0201,2.9813,306.05,139.56,-0.011994
78.1,2.974,2.8814,307.18,139.63,-0.0049355
78.2,2.9755,3.1082,307.24,138.33,0.012335
78.3,3.0213,3.0615,308.4,137.95,-0.0025333
78.4,3.1195,3.0014,308.06,139.16,0.013068
78.5,2.9958,3.0785,308.54,138.47,-0.0073902
78.6,2.9718,3.0104,310.51,138.46,-0.018381
78.7,2.9596,2.9171,310.23,139.08,-0.0090895
78.8,3.0284,2.9286,310.61,139.26,-0.0021604
78.9,3.0041,2.9781,311.05,138.99,0.00015547
79,2.9718,3.0038,312.37,138.04,-0.004846
79.1,3.0043,2.9964,313.47,139.57,0.0056286
79.2,3.0366,2.9484,313.47,138.97,-0.019619
79.3,2.8924,3.0373,313.42,139.11,-0.0033601
79.4,2.948,2.9732,314.55,138,0.0030599
79.5,2.9545,3.0455,314.91,139.05,-0.0097206
79.6,2.9438,3.0565,315.02,139.64,0.010514
79.7,3.0046,3.0253,315.94,138.86,0.012931
79.8,2.8681,2.9795,316.63,138.73,0.013796
79.9,2.9976,3.0265,317.11,139.28,-0.024485
80,3.062,3.0363,317.58,139.6,0.010092
80.1,2.9372,3.0335,318.69,138.86,-0.00089483
80.2,3.0929,2.9909,318.79,139.43,0.010412
80.3,2.9972,2.9885,320.28,139.97,-0.0022765
80.4,3.0362,2.9054,319.99,138.8,-0.013859
80.5,3.002,2.958,320.43,139.68,0.00090191
80.6,3.0571,3.0152,322.47,139.43,0.0065186
80.7,3.0469,2.9563,321.62,139.66,0.0090319
80.8,2.9592,2.9947,322.73,139.42,0.0034284
80.9,2.9267,3.0476,323.39,139.22,0.0030555
81,3.0102,2.9863,323.44,138.98,-0.0041727
81.1,3.0415,3.1202,324.19,139.55,0.0043118
81.2,3.0077,3.0375,325.38,139.18,-0.012892
81.3,2.9611,3.0694,326.14,139.36,0.013233
81.4,3.0224,3.0039,326.19,138.87,-0.00079462
81.5,2.9246,2.9857,327.63,139.04,0.0017661
81.6,3.0137,3.11,327.02,138.44,0.0064034
81.7,3.041,2.9728,327.68,139.03,-0.0071367
81.8,3.0249,3.0101,327.08,139.19,-0.0098551
81.9,2.9624,3.0111,329.03,138.46,-0.0019823
82,2.9627,2.9783,329.1,139.57,-0.0023402
82.1,3.0057,2.9398,330.46,139.77,-0.00082462
82.2,3.0562,3.0283,331.23,139.13,-0.0028406
82.3,3.049,3.0271,331.08,139.82,0.00032124
82.4,3.0365,3.0255,332.97,138.65,-0.0018798
82.5,2.9846,3.0737,334.1,138.95,0.0044098
82.6,2.93,2.9939,333.08,139.36,0.020212
82.7,2.9983,3.0194,334.64,138.65,-0.016075
82.8,2.9982,2.9568,335.42,139.84,-0.006766
82.9,3.0643,2.9342,335.53,139.15,-0.00027168
83,2.9718,2.9484,335.79,139.38,0.0032256
83.1,3.0518,2.9684,336.08,139.21,-0.0044394
83.2,3.0473,2.9275,336.88,139.17,-0.0056679
83.3,2.9507,3.0536,338.19,139.97,0.0063924
83.4,2.9723,2.9862,338.52,139.71,-0.0019121
83.5,2.9161,2.9496,339.26,139.13,0.0093352
83.6,3.0214,2.9292,340.17,138.5,-0.00082476
83.7,3.0066,3.021,340.86,139.65,-0.009873
83.8,2.952,3.0511,341.06,139.22,-0.0004413
83.9,3.0296,2.9766,342.42,139.1,-0.0003184
84,2.9814,3.0117,342.01,138.67,0.0093068
84.1,2.966,2.9557,342.78,138.89,-0.0029326
84.2,2.9271,2.9681,343.45,139.01,-0.00049172
84.3,2.95,2.9157,343.32,138.86,-0.0043852
84.4,3.0531,2.9849,344.99,139.88,0.0014857
84.5,2.9735,3.0054,344.73,139.01,0.0071291
84.6,3.0389,2.9357,344.98,139.75,-0.0049678
84.7,2.9723,3.076,346.53,139.74,-0.005151
84.8,3.0817,2.9777,346.8,138.7,0.0015692
84.9,2.9855,3.0232,346.77,138.55,-0.009256
85,2.9621,2.9572,347.66,138.32,-0.0089414
85.1,2.8959,2.9183,348.75,138.55,-0.0013486
85.2,2.963,3.0402,347.97,139.13,0.01549
85.3,3.0452,3.0335,349.54,140.82,-0.00097385
85.4,3.0516,3.0858,350.21,139.14,-0.0035989
85.5,2.9494,3.0365,350.9,138.18,-0.00046317
85.6,3.0551,2.9902,351.76,139.04,-0.020405
85.7,2.9736,2.9897,351.38,138.17,0.0075162
85.8,3.0194,2.9609,351.89,139.66,0.0095959
85.9,2.9701,2.9964,353.58,138.99,0.0015983
86,3.0938,2.9998,354.57,139.58,-0.007493
86.1,3.0632,2.9693,354.76,139.11,-0.0035644
86.2,3.0564,3.0254,355.06,139.55,0.0063919
86.3,3.037,3.0001,354.81,139.3,0.011738
86.4,2.9776,2.9686,356.29,139.39,0.0033887
86.5,2.9791,3.0761,356.28,138.43,0.024876
86.6,3.0172,3.0526,357.12,139.05,0.017506
86.7,2.9961,2.9739,358.17,138.01,0.0089826
86.8,2.9715,2.9497,358.5,138.96,-0.0069532
86.9,2.8997,2.9597,359.31,138.64,-0.0057729
87,2.9827,3.0075,359.98,138.82,-0.011821
87.1,2.9385,3.0195,360.3,139.43,0.0054068
87.2,3.0467,3.0313,360.99,139.16,0.002925
87.3,2.9957,2.9497,361.51,140.03,-0.0043264
87.4,2.9419,3.0065,362.15,139.93,0.0059127
87.5,3.0246,2.9676,363.44,138.73,0.012272
87.6,2.8899,3.0744,363.19,139.03,-0.0014377
87.7,3.0156,3.0146,364.95,139.08,0.0025217
87.8,3.0281,3.0131,364.62,139.43,-0.0092436
87.9,2.9807,3.0253,365.36,139.45,-0.0050713
88,2.9589,3.0017,365.84,138.4,-0.00028193
88.1,2.9961,2.9227,365.5,138.86,0.016304
88.2,3.0211,3.1,366.65,139.16,-0.011229
88.3,3.0852,2.9391,367.83,139.37,-0.010543
88.4,3.0581,2.9669,367.68,139.19,-0.002234
88.5,3.0023,2.9766,369.49,139.16,0.0060623
88.6,2.9266,3.0584,369.27,139.74,-0.010837
88.7,3.0054,2.8766,369.83,139.52,0.002621
88.8,3.0579,3.024,370.12,139.34,-0.00042124
88.9,3.09,3.0265,371.83,139.37,-0.0044309
89,3.0359,3.0396,372.41,139.01,-0.014223
89.1,3.0318,2.974,373.15,138.88,0.013975
89.2,3.0895,2.95,373.42,139.62,0.0034011
89.3,2.9538,2.9332,374.35,139.31,-0.01579
89.4,2.9438,3.0512,374.03,139.61,0.009786
89.5,2.9607,3.0567,375.34,138.35,0.003243
89.6,3.0407,3.0471,375.32,139.59,-0.013071
89.7,2.9497,3.0067,376.06,138.9,0.0094126
89.8,3.04,2.9693,376.44,139.78,0.0051921
89.9,2.9761,2.9351,377.46,138.86,-0.011011
90,2.9948,2.9999,377.99,138.81,0.0010611
90.1,3.0026,2.9955,378.59,138.94,0.013374
90.2,3.0273,2.96,379.91,138.2,-0.0047481
90.3,3.0403,3.0878,379.44,140.17,0.015509
90.4,3.047,2.991,380.37,140.03,0.01389
90.5,3.0158,3.0094,381.72,139.45,0.00044861
90.6,3.0093,3.0271,381.25,138.91,-0.0077599
90.7,3.0175,2.991,382.38,138.52,-0.0073032
90.8,3.0484,3.0152,383.47,139.65,-6.6608e-05
90.9,3.0264,2.9963,383.19,138.65,0.0063445
91,3.0358,2.9891,383.87,139.23,0.0082539
91.1,2.9367,2.9944,384.82,139.41,0.0079263
91.2,3.0151,2.985,384.86,139.79,0.0065845
91.3,3.0473,3.0698,385.81,138.97,0.0024101
91.4,3.0315,2.9117,386.78,138.28,-0.0011052
91.5,2.9886,2.9026,386.71,139.37,0.0083472
91.6,2.9517,2.9346,388.22,139.17,-0.0062408
91.7,2.9843,2.9688,388.28,139.46,-0.016515
91.8,2.9019,2.9978,388.55,139.83,-0.002223
91.9,2.9858,2.9477,390.07,139.68,-0.0033256
92,2.9815,3.0367,389.34,138.9,-0.0055174
92.1,2.9941,3.1258,389.91,138.37,0.016354
92.2,2.9973,3.0313,390.6,138.75,0.0016498
92.3,2.9777,3.0775,392.02,138.9,-0.0067355
92.4,2.9805,3.0354,392.64,139.53,-0.011402
92.5,2.9812,3.0567,392.2,139.35,-0.010252
92.6,3.0422,2.9839,394.43,139.03,0.0066833
92.7,2.9437,2.98,394.32,137.85,0.00020755
92.8,2.9637,2.9777,394.84,140.05,-0.012006
92.9,2.9836,2.9718,395.11,139.29,0.0076921
93,3.0041,2.95,395.57,139.53,-0.0011161
93.1,3.0174,3.0481,396.89,138.36,0.0084905
93.2,2.9739,3.0295,396.83,139.29,-0.012893
93.3,3.0772,2.9265,397,138.6,-0.00049049
93.4,3.0433,2.9999,398.47,138.63,-0.0035284
93.5,3.0251,3.1126,398.65,138.33,-0.011422
93.6,3.0249,3.0526,400.2,139.68,0.0030681
93.7,3.0613,3.0361,400.34,139.61,-0.0094767
93.8,2.9605,3.0013,400.52,138.77,0.011457
93.9,2.9796,3.0366,400.47,139.55,-0.0057145
94,2.887,2.9691,401.81,139.64,0.0041193
94.1,2.9735,3.0093,402.41,139.09,0.0083133
94.2,3.0346,2.9222,403.78,139.62,-0.001062
94.3,2.9552,2.9895,403.85,138.38,-0.0041123
94.4,3.0003,3.0308,404.82,139.73,0.017477
94.5,2.9564,2.9476,405.61,138.39,-0.0082072
94.6,3.0534,2.9206,405.92,139.66,-0.011091
94.7,3.0419,2.9116,405.81,139.11,-0.0030071
94.8,3.0174,3.0079,407.17,138.54,-0.0049411
94.9,3.0708,3.023,407.47,139.12,0.014484
95,3.1048,2.9381,408.06,139.75,0.0042945
95.1,2.866,2.9614,408.31,139,0.012692
95.2,3.1018,3.0239,409.61,139.74,-0.005123
95.3,2.9656,3.007,410.01,138.53,0.0078502
95.4,2.9894,2.9702,410.85,139.18,-0.0033322
95.5,2.9838,2.9826,411.44,138.24,-0.004782
95.6,2.9026,3.0483,410.84,138.71,-0.0098785
95.7,3.0524,2.9968,412.02,138.83,0.0083898
95.8,2.9299,2.9668,413.04,138.31,0.00015309
95.9,2.9762,3.0873,413.91,139.13,0.0034182
96,2.9871,3.1577,413.84,138.12,-0.0059161
96.1,2.9773,2.9203,414.68,139.82,-0.0051576
96.2,2.9352,2.9632,415.31,139.06,-0.019579
96.3,3.0281,3.0291,414.84,139.21,0.0075527
96.4,3.0283,2.9789,416.8,138.47,-0.019734
96.5,3.0505,3.0055,417.28,138.68,0.016135
96.6,2.9705,3.0332,416.98,138.63,-0.0090684
96.7,2.9859,3.0224,418.65,139.62,0.005999
96.8,3.0294,2.9871,418.44,139.08,0.005378
96.9,2.9702,3.0836,420.13,139.52,0.005205
97,2.9564,2.8781,419.54,138.45,0.0077
97.1,3.0814,3.0146,420.34,138.62,-0.005478
97.2,3.035,2.9985,422.08,138.69,-0.026956
97.3,3.0071,2.9486,422.01,139.2,0.015252
97.4,2.9082,3.0227,422.69,138.47,0.010611
97.5,3.1109,3.01,423.46,139.22,-0.015175
97.6,3.0286,2.9745,423.37,139.37,0.0078833
97.7,2.9172,3.0813,424.49,139.01,0.0096474
97.8,2.9518,3.0027,425.18,138.94,-0.0024771
97.9,2.956,3.0144,425.2,139.03,0.017153
98,3.0252,2.9718,426.18,138.16,-0.018117
98.1,2.9689,2.9501,426.32,139.55,0.0033143
98.2,2.9082,2.9833,428.07,138.74,-0.027902
98.3,2.8904,2.9381,428.09,138.81,0.0023187
98.4,2.9904,2.9765,429.08,138.39,-0.013639
98.5,2.9842,3.0461,429.51,138.11,0.0055996
98.6,2.9589,2.985,428.56,138.93,-0.0089247
98.7,2.9611,3.0722,430.72,139.39,-0.012197
98.8,2.9379,3.0145,429.76,139.08,-0.0077015
98.9,3.0183,2.9394,431.25,138.23,0.00066485
99,2.9881,2.9126,431.84,139.17,-0.0090087
99.1,3.0403,2.9654,431.6,138.93,-0.0098189
99.2,2.9639,2.9235,433.55,138.43,-0.001393
99.3,2.9851,3.0264,433.25,139.32,0.0089946
99.4,2.9877,2.9781,434.56,139.07,0.018811
99.5,3.0063,2.8965,435.29,139.46,-0.010886
99.6,2.9669,3.0402,435.05,138.83,0.0021785
99.7,2.9414,3.0115,436.11,140,0.0043175
99.8,2.9687,3.0439,436.49,139.65,-0.0155
99.9,3.052,3.0205,437.64,138.91,0.0073702
100,2.9961,3.0157,437.61,139.5,-0.00075925
