0,0,0,0,0,0,0,0
0.2,2.9124,-0.052148,-0.09871,0.42231,-0.40668,0.91839,0.0028632
0.3,2.9722,0.11189,0.019329,-0.17486,0.3777,0.17286,-0.0032034
0.4,2.9997,0.0056115,0.027331,0.27357,0.29453,1.1718,0.0085045
0.5,2.9406,0.04123,0.018351,-0.3713,-0.19455,0.51546,-0.010984
0.6,3.0503,0.05523,-0.010907,-0.17997,-0.31972,1.0163,-0.0079315
0.7,3.0641,0.052891,-0.11423,0.31774,0.12388,0.69429,-0.010467
0.8,3.1001,0.062829,0.0056213,0.18247,0.13263,0.90364,0.019396
0.9,2.9432,0.017444,-0.019313,0.77879,0.36508,1.5208,-0.01985
1,3.0228,0.096074,-0.056294,0.20562,-0.3169,0.69483,-0.018618
1.1,2.9586,0.016231,-0.016234,0.54831,0.16732,2.2283,-0.0048768
1.2,3.0917,0.0033999,-0.0039691,0.44615,-0.25546,1.193,0.0082856
1.3,3.0844,-0.015896,0.12752,0.055841,0.059401,1.7146,-0.00072512
1.4,3.008,-0.083162,0.039737,-0.13385,0.38705,1.8838,0.013866
1.5,3.0014,0.0082551,0.064533,0.3876,-0.15482,1.85,0.0083715
1.6,3.0377,-0.037825,-0.017016,0.17626,-0.070234,2.7864,0.0049583
1.7,2.9847,0.050674,0.1296,-0.035104,-0.25303,2.4735,-0.00093449
1.8,3.0098,-0.035694,-0.0062987,-0.10906,0.015353,2.0429,-0.011274
1.9,2.9791,0.070679,0.060647,0.18326,-0.073933,2.8611,0.0015416
2,3.0908,0.019629,-0.083132,0.25909,0.63369,2.6748,-0.01362
2.1,3.068,0.064838,-0.039202,-0.16661,0.061515,2.7823,-0.0086083
2.2,2.9593,0.015186,-0.061635,1.1651,-0.15423,4.0611,0.024115
2.3,3.017,-0.024315,-0.060469,-0.52323,0.52658,3.7587,-0.0064441
2.4,2.9387,-0.025765,-0.01473,0.4415,0.62817,2.8109,-0.012753
2.5,2.9992,-0.037229,-0.0050222,0.34868,0.1557,3.9083,0.013567
2.6,3.0613,0.046454,-0.019447,-0.39711,0.55865,3.909,-0.011261
2.7,2.9542,-0.05279,0.05517,-0.49887,-1.1536,4.2861,0.0098233
2.8,3.0445,-0.021362,0.021305,-0.20566,0.11494,3.6459,0.0051023
2.9,3.0014,0.0037839,0.051699,-0.1111,-0.27965,4.9743,-0.0037219
3,2.9918,0.019245,-0.0046664,-0.49793,-0.12361,4.1246,-0.009603
3.1,3.0203,0.058936,0.031021,0.19556,-0.049536,4.074,-0.0073598
3.2,2.96,0.037181,0.053759,-0.50533,-0.32551,4.5886,0.0062398
3.3,2.8867,-0.059546,-0.045365,0.18914,0.10291,5.9953,0.0074658
3.4,2.9411,-0.0028463,-0.055499,-0.062652,-0.37778,5.0764,0.007437
3.5,2.9636,0.0036489,-0.022364,-0.023909,0.088704,5.1507,0.009121
3.6,3.0405,0.044691,-0.032465,-0.22686,0.17563,5.758,0.0095507
3.7,3.0143,-0.10376,-0.11174,0.10794,0.089752,6.357,0.010091
3.8,3.0122,0.03952,-0.021452,0.2735,-0.49956,5.1623,0.00037369
3.9,3.0421,0.034168,0.035924,-0.054401,-0.27729,6.1811,-0.010959
4,2.9798,0.022911,-0.076915,0.67292,-0.5591,6.3189,0.014449
4.1,2.9582,-0.015978,0.079575,0.51417,-0.40897,5.2501,-0.0012019
4.2,3.0068,-0.035641,0.035683,-0.14024,0.081377,5.9577,-0.0037316
4.3,3.0044,0.048503,-0.015671,-0.014471,-0.32166,5.7804,-0.0095807
4.4,2.9773,0.0072413,0.013906,0.32723,-0.44045,6.8319,0.0091002
4.5,3.0185,-0.025429,0.015053,-0.76116,0.2778,7.0049,-0.0083411
4.6,3.0475,-0.015945,-0.001315,-0.05472,0.32769,6.1079,-0.0073547
4.7,2.9756,-0.050822,0.017567,0.2648,0.42933,7.3504,0.013361
4.8,3.011,0.027519,-0.011916,0.21689,-0.060163,7.3514,-0.0042833
4.9,2.9956,-0.035272,-0.08117,0.44348,-0.44015,7.9531,0.0090239
5,3.0325,-0.057304,-0.097992,0.65381,0.065063,7.1713,0.010625
5.1,3.0139,-0.0090532,-0.0011509,-0.10011,0.1102,7.6564,0.0060512
5.2,3.057,0.029456,-0.021928,-0.19396,0.32201,7.8144,-0.0097236
5.3,3.0216,-0.035734,-0.08763,-0.55797,-0.31475,7.8965,-0.01625
5.4,2.9854,-0.041509,-0.0088761,0.36829,-0.31575,7.6041,0.0075627
5.5,3.1106,-0.027546,0.08587,0.3519,0.017374,8.2634,0.011562
5.6,2.9517,-0.046995,-0.0035576,0.45299,0.43013,8.3583,-0.013524
5.7,3.0079,-0.0092229,0.033191,0.62307,0.79736,8.4099,-0.0083162
5.8,2.9649,-0.010059,0.03433,0.22076,0.49147,8.9936,0.005625
5.9,3.0438,-0.032909,0.091352,0.29629,-0.20853,8.2022,0.0032201
6,2.9903,0.0020128,-0.030488,0.035876,-0.63285,8.221,0.01161
6.1,2.9459,0.083216,-0.040057,-0.1394,0.13623,8.7702,0.0021882
6.2,2.8848,-0.046274,-0.029798,-0.53038,0.28479,9.0692,0.01003
6.3,2.8986,-0.051465,0.044,0.72738,-0.32758,9.6573,0.0071715
6.4,3.0159,0.068363,-0.087175,0.52156,-0.57909,9.2345,0.0050365
6.5,2.9806,0.025612,-0.016271,-0.46458,0.40982,8.8896,0.014098
6.6,3.067,-0.040894,-0.0022239,-0.33741,0.058466,9.473,0.00091341
6.7,2.9655,0.014367,-0.02219,0.06254,-0.49262,9.7968,-0.0089556
6.8,3.0142,0.011868,0.029106,-0.21709,0.38915,10.057,0.0084498
6.9,2.9489,0.03289,0.0070896,0.098369,-0.97639,9.4285,0.0036252
7,3.0242,0.051579,-0.031523,-0.0075069,-0.50791,10.093,0.011214
7.1,2.9546,-0.012457,0.030736,0.6214,-0.50167,9.9171,-0.0048217
7.2,2.9804,0.032036,-0.081024,-0.29064,0.36531,9.7174,-0.0079512
7.3,3.0379,0.056905,0.052303,0.46339,-0.16755,11.06,-0.0010646
7.4,2.9338,-0.0040088,0.003194,0.8076,0.035918,11.009,-0.01393
7.5,2.9303,0.12694,-0.027317,-0.098797,1.5002,11.64,0.0053146
7.6,3.0438,-0.061465,-0.051818,-1.0767,-0.42435,11.505,-0.018011
7.7,3.0132,-0.030273,0.020086,-0.56099,-0.19833,11.744,-0.0066066
7.8,2.9975,-0.0022065,-0.028347,-0.65839,-0.20344,12.407,-0.0098822
7.9,3.0539,0.022596,0.10794,-0.87495,-0.36769,11.397,0.0050445
8,2.9571,-0.0036,0.018975,0.46944,-0.49007,12.936,-0.0069297
8.1,3.1189,0.073144,-0.072145,0.2666,-0.3773,11.825,0.0071407
8.2,3.0637,0.0038324,-0.038873,0.24817,-0.019127,12.136,-0.010213
8.3,2.9638,-0.035733,0.065968,-0.17607,0.15118,11.949,0.017176
8.4,2.8686,0.047399,0.04597,-0.90335,0.69027,12.457,0.0055141
8.5,3.086,0.034711,-0.046742,-0.47149,0.20148,12.829,0.0072894
8.6,3.0069,0.064313,0.045004,0.34732,-0.13174,13.809,0.018735
8.7,2.9851,-0.070226,-0.052364,-0.74881,-0.02293,13.252,0.0097104
8.8,2.9955,-0.028311,-0.045841,-0.50237,0.57461,13.073,0.0052675
8.9,2.9726,-0.0616,-0.0034202,0.2805,-0.4276,12.61,5.0294e-05
9,2.9367,0.056043,-0.059764,0.37762,-0.52998,13.907,0.00038478
9.1,2.9697,-0.10057,0.070078,-0.32066,0.54888,13.188,0.01552
9.2,3.076,0.073737,0.056638,-0.063025,-0.32314,13.642,0.016552
9.3,2.9565,0.06918,-0.020111,0.735,-0.63158,13.875,-0.0085761
9.4,2.9633,-0.053292,-0.023434,0.21926,0.016051,14.011,0.0064777
9.5,2.9457,0.044541,-0.073984,-0.43743,0.49272,14.677,-0.017607
9.6,3.0512,-0.029855,0.015119,-0.35719,-0.35165,14.654,0.015289
9.7,2.9262,0.007094,0.084965,-0.45384,0.024014,14.542,0.0078044
9.8,3.0035,-0.01622,-0.056758,-0.33877,1.0143,14.588,0.020139
9.9,2.9522,0.11923,-0.08896,-0.37029,-0.62422,14.252,-0.0076102
10,0.019377,0.43385,-0.51666,-0.48019,-0.35304,13.908,-0.023513
10.1,-0.096348,0.43981,-0.5343,0.30717,-0.052857,14.719,-0.07005
10.2,0.022551,0.4905,-0.47325,0.37034,0.20187,15.813,-0.099872
10.3,0.0024722,0.54462,-0.54393,-0.34341,-0.72187,15.198,-0.11195
10.4,0.040087,0.47517,-0.48948,1.2838,0.39199,14.797,-0.14792
10.5,0.034499,0.535,-0.44622,0.91363,-0.23088,15.198,-0.19186
10.6,0.005323,0.43373,-0.60963,0.024745,0.43064,14.743,-0.21635
10.7,0.08149,0.47857,-0.52589,-0.042936,0.59289,14.766,-0.25543
10.8,-0.011251,0.52826,-0.49671,-0.38167,0.23334,15.281,-0.28155
10.9,-0.016635,0.47203,-0.5113,0.061797,0.27012,14.767,-0.32634
11,0.034387,0.55905,-0.53888,-0.045457,-0.39592,14.576,-0.3488
11.1,0.052714,0.47211,-0.59508,0.65089,-0.44174,15.345,-0.35882
11.2,-0.065421,0.54111,-0.49958,1.4291,-0.0076621,15.309,-0.40674
11.3,0.023975,0.50876,-0.57238,0.22687,-0.29421,15.751,-0.43304
11.4,0.065687,0.5652,-0.57782,0.012473,-0.51418,14.37,-0.46949
11.5,0.0069404,0.58612,-0.63522,-0.42852,0.19593,14.868,-0.505
11.6,0.017273,0.54565,-0.43274,-0.83119,0.63135,14.778,-0.51989
11.7,-0.036346,0.43922,-0.48408,-0.20093,-0.069094,15.327,-0.57185
11.8,0.012748,0.43789,-0.59541,0.4123,0.8869,14.408,-0.57763
11.9,0.042528,0.49107,-0.66886,0.060252,-0.025104,14.978,-0.63802
12,-0.049216,0.4942,-0.48621,0.094266,-0.96192,15.061,-0.64757
12.1,0.07007,0.50284,-0.50884,-0.076151,-0.20094,14.599,-0.6828
12.2,0.15333,0.5265,-0.53877,-0.38504,-0.27533,14.281,-0.72159
12.3,-0.10102,0.51662,-0.49867,-0.18836,0.22993,14.144,-0.76876
12.4,-0.04117,0.55999,-0.50571,-0.64299,0.66405,14.858,-0.77609
12.5,-0.060613,0.45961,-0.52479,-0.46992,-0.1139,14.629,-0.81959
12.6,0.045107,0.49679,-0.44411,-0.913,0.2302,14.699,-0.84797
12.7,0.070634,0.52141,-0.48449,0.50727,-0.17011,14.857,-0.87047
12.8,-0.0073077,0.47305,-0.47632,-0.090294,0.77955,14.126,-0.90794
12.9,0.023541,0.48464,-0.52284,-0.18357,0.8607,14.517,-0.9395
13,-0.049291,0.43372,-0.48983,0.92324,0.31897,14.949,-0.98158
13.1,-0.027142,0.4976,-0.50627,0.39562,-0.7143,13.811,-0.99903
13.2,-0.032332,0.53935,-0.45115,0.31382,0.059366,14.247,-1.0499
13.3,-0.029159,0.50721,-0.57698,-0.38072,-0.075011,15.027,-1.046
13.4,-0.063604,0.53631,-0.49597,-0.6978,0.0075606,15.011,-1.1194
13.5,0.022452,0.60494,-0.46732,0.18106,-0.69736,15.254,-1.1257
13.6,-0.070173,0.53434,-0.51271,-0.099665,-0.63512,15.377,-1.157
13.7,-0.067697,0.50826,-0.54991,-0.60286,-0.52144,14.508,-1.1939
13.8,-0.012103,0.45147,-0.54041,-1.0784,0.094801,14.792,-1.2191
13.9,0.029585,0.48942,-0.48904,0.057249,1.3728,14.596,-1.248
14,0.064017,0.53748,-0.57367,-0.75779,1.3022,14.758,-1.283
14.1,0.029239,0.5911,-0.48424,-0.39677,0.66667,14.624,-1.3205
14.2,0.081621,0.40597,-0.45139,0.36953,-0.066543,13.587,-1.361
14.3,-0.025699,0.55572,-0.53781,-0.043258,-0.48489,15.286,-1.3626
14.4,-0.062029,0.47373,-0.42562,-0.15784,-1.2598,14.381,-1.4095
14.5,-0.059406,0.45474,-0.54205,-0.086633,-0.45252,14.789,-1.4259
14.6,0.032539,0.42163,-0.38618,-0.47215,-0.48592,13.507,-1.4883
14.7,-0.059219,0.35428,-0.54595,-0.10194,0.91724,15.207,-1.5265
14.8,0.0047942,0.51194,-0.44503,0.1816,-0.23229,14.704,-1.5378
14.9,0.063458,0.46976,-0.54076,0.39742,-0.48815,14.651,-1.5666
15,-0.016842,2.1073,1.947,0.3853,-0.68356,14.057,-1.5811
15.1,-0.024099,2.0938,1.9436,-0.096045,-0.71856,15.037,-1.5576
15.2,0.031213,1.9662,2.0828,0.11135,-0.50519,15.052,-1.5733
15.3,-0.025575,1.9696,1.9359,-0.10362,-1.1067,15.015,-1.5796
15.4,-0.016928,2.0275,2.0238,-0.26612,-1.7789,14.922,-1.5713
15.5,-0.03213,1.974,2.0543,-0.28796,-1.5591,14.724,-1.5609
15.6,-0.028203,1.9523,1.9952,-0.2497,-3.0233,14.318,-1.584
15.7,0.010326,2.057,2.0307,-0.36085,-3.6491,14.665,-1.5748
15.8,0.022877,1.9587,2.0396,0.25128,-4.14,14.144,-1.5737
15.9,-0.0060406,1.9738,2.0016,-0.30168,-3.8885,13.88,-1.5778
16,0.031442,2.0174,1.9314,0.10561,-4.0537,15.062,-1.5794
16.1,0.066746,1.9957,2.0123,-0.58629,-5.143,15.068,-1.571
16.2,0.039699,1.9829,1.9931,0.22219,-5.6109,14.561,-1.5716
16.3,-0.039619,1.9596,2.0215,1.0659,-5.9243,14.387,-1.574
16.4,-0.055861,2.0033,2.0536,0.17144,-5.4861,15.235,-1.5772
16.5,-0.055467,1.9618,2.0014,-0.051086,-6.3916,14.764,-1.5749
16.6,-0.038121,2.0439,2.0879,0.32172,-5.7259,14.302,-1.5878
16.7,-0.042463,1.8728,1.9503,0.14619,-7.4688,15.452,-1.5649
16.8,-0.10131,1.9728,2.0265,0.25448,-7.1851,14.62,-1.5737
16.9,-0.022047,1.9821,1.9631,0.34357,-8.0947,14.806,-1.5686
17,0.0067323,2.0653,1.9841,0.63805,-8.6199,14.772,-1.5857
17.1,0.040907,1.94,1.9365,0.71055,-9.2647,14.093,-1.5752
17.2,0.025802,2.0668,2.0604,-0.24086,-8.3046,14.927,-1.5763
17.3,-0.0093895,1.9394,2.0048,-0.20234,-9.5901,15.195,-1.5567
17.4,0.037749,1.9998,1.9819,-0.29571,-9.6898,13.642,-1.5777
17.5,-0.045498,2.0296,2.0024,0.14205,-10.649,15.137,-1.5874
17.6,-0.051347,2.0181,2.0284,-0.36562,-10.237,13.887,-1.5701
17.7,-0.092701,2.0136,1.9536,-0.65797,-11.904,14.028,-1.5984
17.8,0.004379,2.0135,1.933,0.60616,-11.771,14.477,-1.5677
17.9,-0.0054584,1.9711,2.0413,0.34703,-11.476,15.006,-1.5791
18,-0.081849,1.9464,1.9067,0.55005,-12.748,14.396,-1.5781
18.1,-0.073542,1.9657,2.0373,0.16224,-13.18,14.485,-1.5795
18.2,-0.05251,2.0563,1.9256,0.82301,-13.475,14.474,-1.5796
18.3,0.073805,2.028,2.1046,-0.39393,-13.657,14.203,-1.5794
18.4,0.015571,2.0707,2.0396,0.2669,-14.082,15.314,-1.576
18.5,-0.0046338,2.0472,2.0443,0.11876,-14.502,14.631,-1.5734
18.6,0.060702,2.0877,2.0676,-0.43444,-14.647,15.22,-1.5876
18.7,-0.020225,1.956,1.9881,-0.08558,-14.775,15.68,-1.5787
18.8,0.055767,1.9614,2.0163,-0.82291,-15.448,14.518,-1.5735
18.9,0.10886,2.0325,2.0598,-0.056762,-16.218,13.884,-1.5672
19,0.033608,2.0051,2.0431,0.86025,-16.988,15.518,-1.5706
19.1,0.0089206,2.0105,1.9918,0.60969,-17.18,14.34,-1.5731
19.2,-0.084947,2.0131,1.9774,-0.056368,-16.761,15.528,-1.5852
19.3,0.089317,2.0314,2.0739,0.59109,-18.121,14.344,-1.5766
19.4,0.078649,1.9935,2.0204,0.049192,-18.077,14.375,-1.5692
19.5,-0.04556,1.9581,1.9591,-0.81075,-17.66,14.372,-1.5698
19.6,-0.096902,2.0521,1.9107,-0.46952,-18.488,14.456,-1.5649
19.7,-0.056507,2.0352,2.0679,-0.66118,-19.74,15.319,-1.5675
19.8,0.0068611,1.9608,1.9787,0.056939,-19.548,14.394,-1.5753
19.9,-0.0011288,2.0655,1.9295,0.67262,-19.779,14.674,-1.5752
20,0.0051328,1.8889,1.9889,-0.66957,-21.195,13.941,-1.5631
20.1,0.011781,2.0045,2.1061,0.24562,-20.716,14.995,-1.559
20.2,0.0049858,1.9352,1.9799,-0.20511,-21.954,14.563,-1.5453
20.3,0.069085,1.9538,1.9781,-0.16373,-21.689,14.592,-1.5678
20.4,0.035017,1.9496,1.9886,0.021636,-21.486,13.916,-1.5792
20.5,0.036867,1.9137,1.9298,1.144,-22.425,14.865,-1.572
20.6,0.0014312,2.0223,1.9372,-0.21793,-22.145,14.989,-1.5711
20.7,-0.029507,2.0726,2.001,-0.03149,-23.377,14.759,-1.5816
20.8,-0.081873,1.9887,1.9309,-0.26005,-23.545,13.967,-1.5656
20.9,-0.040781,2.0864,1.9853,-0.65844,-23.19,14.546,-1.5787
21,-0.053033,2.02,2.0371,0.40345,-24.466,15.079,-1.5869
21.1,0.014774,2.0115,2.0103,0.47975,-24.056,15.314,-1.5716
21.2,0.024351,1.9846,1.931,-0.48167,-24.657,14.535,-1.585
21.3,0.032791,2.0458,1.8857,0.43797,-25.781,14.733,-1.5739
21.4,0.048498,2.0197,2.0082,-0.2941,-25.987,14.054,-1.5715
21.5,0.098231,1.9408,2.0024,-0.5192,-26.029,14.762,-1.5697
21.6,0.053394,1.947,1.9699,-0.43514,-27.007,15.252,-1.5743
21.7,-0.0067152,2.0533,1.9045,0.14619,-26.993,14.194,-1.578
21.8,0.040853,1.9793,1.9461,-0.8953,-26.924,14.245,-1.5798
21.9,-0.048534,1.9772,2.051,0.73836,-27.455,15.139,-1.5408
22,0.012115,1.988,1.9633,0.8197,-27.911,14.36,-1.5902
22.1,-0.025238,1.9293,1.9365,0.39661,-29.498,14.947,-1.5883
22.2,-0.0080213,1.9831,1.9566,-0.057221,-30.067,14.986,-1.5764
22.3,0.10396,2.0059,2.0342,0.042598,-29.435,14.426,-1.5738
22.4,-0.10442,2.055,2.0905,-0.37189,-29.337,14.912,-1.5777
22.5,0.012177,2.0274,1.9306,0.34075,-31.264,15.012,-1.5801
22.6,0.076477,2.0156,2.0592,0.89022,-30.654,14,-1.5566
22.7,0.067121,2.0507,2.0218,-0.78498,-30.77,14.578,-1.5775
22.8,0.00096792,1.95,1.9022,-0.41261,-31.78,14.721,-1.5789
22.9,0.016661,2.0512,1.9774,-0.83057,-32.15,15.302,-1.5767
23,0.061156,1.9225,1.9973,0.11011,-33.012,14.604,-1.5796
23.1,0.069861,2.0005,1.9583,-0.73259,-32.57,14.464,-1.5602
23.2,-0.019619,1.9636,1.9677,0.5648,-32.676,15.191,-1.5721
23.3,0.035942,2.0449,2.0318,0.14664,-33.413,15.29,-1.5965
23.4,0.044848,2.0393,2.0776,0.52238,-34.034,14.996,-1.5629
23.5,-0.033883,2.0884,2.0392,0.11345,-34.897,14.568,-1.5738
23.6,0.038845,2.0103,2.0024,-0.72307,-33.928,14.747,-1.577
23.7,0.052353,1.9946,1.9816,0.63277,-35.383,14.7,-1.5693
23.8,-0.043291,2.002,2.008,-0.10742,-34.998,14.884,-1.5653
23.9,-0.063619,2.0175,1.9969,0.37912,-35.223,15.232,-1.5903
24,0.035982,2.0442,2.0652,-0.41372,-37.051,15.05,-1.5887
24.1,0.031573,2.0268,1.9774,-0.71206,-36.474,14.202,-1.564
24.2,0.04553,2.0202,1.9592,-0.25781,-37.255,14.696,-1.578
24.3,0.047633,2.0532,2.0376,1.194,-38.478,14.702,-1.5863
24.4,-0.058719,1.9384,2.0429,-0.93796,-38.226,14.31,-1.5759
24.5,-0.013477,2.0053,1.9588,-0.50931,-38.44,15.293,-1.5666
24.6,0.010924,1.9606,2.017,-0.15924,-38.378,14.83,-1.5641
24.7,0.07153,2.0253,1.9698,-0.34484,-38.936,15.846,-1.5714
24.8,-0.049921,2.0496,2.0512,0.20448,-40.146,14.768,-1.5698
24.9,-0.082102,1.9593,1.9809,0.11397,-40.588,14.602,-1.5745
25,2.0134,-0.52713,0.44737,-0.34119,-39.903,14.975,-1.5524
25.1,2.0185,-0.52376,0.44534,-0.56915,-39.834,14.873,-1.5203
25.2,1.9835,-0.54388,0.52669,-0.41727,-40.519,15.036,-1.501
25.3,1.9122,-0.59757,0.57183,-0.9774,-40.058,14.113,-1.4619
25.4,1.938,-0.46427,0.44655,0.29958,-39.742,15.073,-1.4241
25.5,1.9953,-0.59903,0.57908,-0.53685,-40.443,15.06,-1.3928
25.6,2.0463,-0.51923,0.45193,-0.72804,-39.541,15.748,-1.3426
25.7,1.9044,-0.40434,0.49728,0.17287,-39.793,15.834,-1.319
25.8,2.0754,-0.43319,0.53398,-0.28933,-41.04,15.992,-1.2967
25.9,1.9481,-0.48249,0.42885,-0.35639,-39.606,15.164,-1.2594
26,2.0136,-0.40567,0.43435,0.33672,-40.272,15.408,-1.2263
26.1,1.9311,-0.52976,0.54802,0.084194,-39.624,16.371,-1.2062
26.2,2.0176,-0.60715,0.51985,-0.26921,-40.405,15.144,-1.1637
26.3,1.9668,-0.45683,0.42851,0.22307,-39.834,14.896,-1.1212
26.4,1.9832,-0.51399,0.52254,-0.54865,-39.505,16.587,-1.1018
26.5,2.0272,-0.51539,0.50239,-0.57967,-40.383,16.209,-1.0678
26.6,1.9763,-0.53864,0.43596,-0.50644,-40.167,17.076,-1.05
26.7,2.0442,-0.48802,0.466,0.0090431,-39.453,17.037,-1.0097
26.8,1.9574,-0.48385,0.51267,-0.73904,-40.024,16.167,-0.96656
26.9,1.9896,-0.44095,0.49092,-0.31875,-40.135,16.921,-0.94028
27,1.927,-0.49974,0.59129,-0.094406,-40.014,17.212,-0.90756
27.1,1.8984,-0.45903,0.52783,0.092113,-39.665,16.933,-0.8879
27.2,1.9348,-0.55872,0.40439,0.44978,-40.187,17.469,-0.85156
27.3,1.9293,-0.47361,0.51346,0.17798,-40.05,17.23,-0.81142
27.4,1.9524,-0.43673,0.53809,1.1627,-39.934,16.768,-0.78149
27.5,1.9706,-0.43,0.46121,-0.30938,-40.44,16.613,-0.77032
27.6,1.9524,-0.45791,0.55416,-0.3813,-40.169,17.72,-0.72241
27.7,1.941,-0.46664,0.45935,0.23123,-39.768,17.52,-0.69228
27.8,2.0305,-0.55778,0.47165,0.074386,-39.895,17.788,-0.65524
27.9,1.947,-0.48793,0.47295,-0.30842,-40.175,17.746,-0.6146
28,1.9963,-0.47751,0.57923,0.16238,-39.694,17.626,-0.60741
28.1,1.9676,-0.38827,0.5184,0.22826,-40.307,17.236,-0.58665
28.2,1.9075,-0.59464,0.52244,-0.55018,-40.255,18.37,-0.52219
28.3,2.025,-0.59119,0.47022,-0.10653,-39.988,17.757,-0.49538
28.4,1.9973,-0.55289,0.48498,0.1834,-39.413,17.886,-0.4635
28.5,1.9605,-0.56864,0.45141,-0.5093,-40.111,17.914,-0.45015
28.6,1.9378,-0.5189,0.50296,-0.88135,-39.681,18.992,-0.4023
28.7,2.0069,-0.50604,0.44517,-0.45358,-39.737,18.885,-0.37528
28.8,2.0655,-0.50471,0.45729,-0.12528,-39.498,16.963,-0.3401
28.9,1.975,-0.44993,0.51254,-0.9406,-39.748,19.45,-0.30029
29,2.005,-0.60204,0.46722,-0.28547,-40.136,19.547,-0.28103
29.1,2.0207,-0.50365,0.4491,-0.45871,-39.285,18.949,-0.26169
29.2,1.9896,-0.53732,0.45133,-0.53987,-39.226,19.029,-0.21369
29.3,2.0577,-0.54802,0.44574,0.56815,-39.257,18.948,-0.18051
29.4,1.9136,-0.53457,0.40806,-0.11556,-40.23,19.077,-0.14558
29.5,1.9529,-0.50124,0.56905,-0.4509,-40.319,19.94,-0.11568
29.6,2.048,-0.47435,0.58797,-0.51032,-39.683,19.619,-0.12149
29.7,1.9303,-0.53555,0.61008,-0.036986,-39.539,19.144,-0.064198
29.8,1.9138,-0.55585,0.57221,-0.082331,-39.95,20.656,-0.04326
29.9,1.9533,-0.54227,0.44915,-0.034332,-40.697,19.076,-0.01312
30,1.8885,-0.52673,0.48513,0.5598,-40.145,19.515,0.02567
30.1,1.9325,-0.54304,0.42362,-0.44089,-40.55,19.788,0.086039
30.2,2.0847,-0.59368,0.47187,-0.099894,-39.82,19.765,0.086084
30.3,2.0407,-0.41072,0.46166,-0.63435,-39.584,20.261,0.12418
30.4,1.9751,-0.44839,0.47212,0.56772,-39.983,20.406,0.18885
30.5,1.9834,-0.48804,0.39476,1.003,-39.897,20.525,0.1855
30.6,2.0175,-0.4766,0.55588,0.36651,-39.898,20.219,0.21203
30.7,2.0031,-0.54445,0.45451,-0.65323,-41.077,20.33,0.23629
30.8,2.017,-0.58221,0.44621,-1.4781,-40.582,20.417,0.28494
30.9,1.8652,-0.50596,0.4546,-1.1286,-40.545,21.156,0.29424
31,1.977,-0.58581,0.49992,0.53374,-40.991,20.308,0.34351
31.1,2.0794,-0.51869,0.43457,0.38213,-39.54,21.175,0.38409
31.2,1.932,-0.55622,0.54616,-0.75642,-39.921,20.785,0.4007
31.3,2.008,-0.50802,0.53002,0.22465,-40.859,20.695,0.4425
31.4,2.0468,-0.42489,0.47549,-0.24676,-39.758,21.607,0.47895
31.5,2.0928,-0.44144,0.46778,-0.16983,-39.732,20.941,0.49996
31.6,1.9839,-0.44237,0.48028,0.16634,-39.576,21.494,0.52896
31.7,1.9197,-0.53231,0.50746,-0.017434,-40.746,21.208,0.58211
31.8,1.9629,-0.45292,0.47516,-0.498,-40.163,21.311,0.59271
31.9,1.9537,-0.44089,0.47994,0.47662,-39.937,21.758,0.64953
32,1.9841,-0.53711,0.63036,0.47802,-40.234,22.239,0.63425
32.1,1.8977,-0.48359,0.40547,-0.71466,-39.276,22.85,0.67801
32.2,1.9502,-0.50858,0.44438,0.13063,-40.837,22.325,0.72606
32.3,1.8842,-0.40011,0.54699,-1.3683,-40.85,22.823,0.76405
32.4,1.9444,-0.42287,0.49906,-0.36068,-40.349,22.201,0.78284
32.5,2.0214,-0.50391,0.47195,-0.69345,-40.328,21.476,0.82671
32.6,2.0015,-0.43024,0.60482,0.75916,-40.252,22.645,0.85559
32.7,2.0065,-0.47012,0.5059,0.94712,-40.036,21.928,0.88803
32.8,1.9161,-0.54979,0.52926,-0.28606,-39.942,21.6,0.91691
32.9,2.0628,-0.55459,0.49515,-0.096439,-40.036,22.118,0.94523
33,1.9397,-0.5772,0.68189,-1.2817,-39.919,23.06,0.99449
33.1,1.9577,-0.56322,0.4924,-0.4807,-40.182,22.805,0.98013
33.2,1.9615,-0.44791,0.47582,-0.59935,-40.052,23.048,1.0242
33.3,2.0428,-0.55977,0.48756,-0.43335,-39.702,22.791,1.0668
33.4,1.9615,-0.59579,0.46771,-0.87221,-40.224,22.579,1.1139
33.5,1.9737,-0.48067,0.59893,-0.52151,-39.426,22.873,1.122
33.6,2.0809,-0.52099,0.45705,-0.26886,-40.921,23.36,1.1791
33.7,1.9546,-0.39913,0.48723,0.45477,-39.859,24.361,1.2034
33.8,1.9944,-0.46676,0.52344,0.015596,-40.325,23.103,1.237
33.9,1.9799,-0.44256,0.5201,-0.12108,-39.455,23.123,1.2569
34,1.9675,-0.51457,0.46932,0.6359,-40.186,23.155,1.2876
34.1,2.066,-0.43394,0.52495,-0.30938,-39.864,23.235,1.3291
34.2,1.9584,-0.43869,0.53061,-0.85809,-39.824,24.89,1.3423
34.3,2.0561,-0.45779,0.53314,-0.55873,-40.187,24.077,1.3848
34.4,2.0112,-0.40343,0.49907,-0.344,-39.772,24.225,1.426
34.5,1.8952,-0.45707,0.51274,-0.040435,-39.913,24.074,1.4471
34.6,2.0618,-0.43572,0.48386,-0.31472,-40.119,24.945,1.4895
34.7,2.0367,-0.49493,0.48186,-0.63892,-40.233,25.421,1.5199
34.8,1.9652,-0.47926,0.44483,-0.57396,-39.89,24.342,1.5461
34.9,2.1178,-0.51126,0.44449,-0.45003,-40.608,25.273,1.5759
35,0.10962,3.0065,3.0744,-1.1251,-39.975,24.453,1.5678
35.1,-0.035293,3.0173,3.0143,0.13991,-38.607,24.241,1.5544
35.2,-0.080072,3.0123,3.048,0.69024,-37.64,24.57,1.5749
35.3,-0.017869,3.0089,2.9938,-0.55243,-37.038,23.847,1.58
35.4,-0.029264,3.0185,2.9912,0.17383,-37.072,24.747,1.5794
35.5,0.12461,2.9666,2.9933,-0.56522,-36.966,24.702,1.5772
35.6,-0.0053679,3.0643,3.0166,0.043593,-36.145,25.244,1.5739
35.7,-0.066139,2.986,3.0687,0.15045,-35.544,24.917,1.566
35.8,-0.074793,3.0681,3.0021,-0.55678,-33.881,24.737,1.5837
35.9,-0.1404,2.9891,3.0017,0.38721,-33.832,23.831,1.5576
36,0.084269,3.0641,3.0257,0.58871,-33.127,24.61,1.5851
36.1,-0.023696,3.0062,3.0149,-0.97137,-32.941,24.552,1.5764
36.2,-0.0086537,3.0308,2.9529,0.44516,-31.584,24.481,1.5868
36.3,0.035393,3.0512,3.0185,-0.89878,-30.981,25.003,1.5636
36.4,-0.030833,2.9739,2.9972,0.13431,-31.648,24.032,1.5782
36.5,0.028297,2.9285,2.9902,0.075309,-28.902,24.101,1.5882
36.6,-0.022357,2.9254,3.0688,-0.059346,-29.637,24.798,1.5817
36.7,-0.0071215,2.9052,2.9803,-0.4789,-29.089,23.693,1.575
36.8,-0.053576,3.093,2.9676,0.1561,-28.563,23.967,1.589
36.9,-0.018242,2.9152,2.9926,0.7441,-29.068,23.969,1.5674
37,-0.02608,2.9668,2.9559,-0.19618,-27.894,23.859,1.5795
37.1,-0.0098203,2.9861,3.0362,-0.43113,-26.089,24.186,1.5496
37.2,0.055218,3.0267,2.9806,-0.1515,-26.37,24.885,1.5718
37.3,-0.089633,3.0708,3.086,0.2985,-24.794,25.087,1.5858
37.4,-0.019118,2.9945,3.013,0.027746,-25.34,23.8,1.5746
37.5,-0.00051199,2.9667,2.9277,-1.2046,-24.167,24.281,1.5786
37.6,0.053738,2.8855,3.0279,0.96952,-24.137,24.39,1.5817
37.7,0.037443,2.9642,3.0027,-0.50267,-23.484,25.119,1.5808
37.8,0.0097049,3.0942,3.014,-0.54306,-22.17,24.846,1.5811
37.9,0.062991,2.9533,3.0302,-0.19605,-22.278,24.282,1.5759
38,-0.047715,2.908,2.974,-0.15023,-21.631,24.184,1.5655
38.1,-0.016784,3.0146,3.0047,-0.1329,-21.126,25.1,1.5621
38.2,-0.05912,2.9485,2.9226,-0.45721,-19.857,24.363,1.5858
38.3,-0.069346,2.9569,2.9728,-0.052434,-19.076,24.634,1.568
38.4,0.096466,3.0052,2.9088,-1.0086,-19.75,24.806,1.5795
38.5,0.072768,3.0165,3.0335,-0.22378,-18.69,25.433,1.5725
38.6,0.0049799,3.0108,2.9826,-0.23496,-17.624,24.911,1.58
38.7,0.071874,3.0993,2.974,0.15177,-17.545,24.875,1.5826
38.8,-0.036443,3.0384,2.981,-0.15449,-16.676,24.086,1.5779
38.9,-0.021883,2.94,3.0288,0.503,-16.548,24.373,1.5666
39,-0.0036798,3.1008,3.016,-0.083613,-15.09,25.126,1.5667
39.1,-0.02239,2.957,3.0366,-0.76316,-14.986,24.428,1.5713
39.2,-0.014609,3.0715,2.9496,-0.3532,-14.339,24.604,1.5795
39.3,-0.03006,2.9712,3.0049,0.35219,-13.695,24.934,1.5813
39.4,0.010209,2.9397,2.9444,-0.21262,-12.93,24.614,1.5718
39.5,0.059489,2.9467,2.9896,-0.027981,-12.237,24.529,1.5659
39.6,0.074515,2.9585,3.029,0.7683,-10.586,24.604,1.5744
39.7,0.010656,3.0288,2.9536,-0.26515,-10.861,24.382,1.5749
39.8,-0.014498,3.0886,3.0262,0.032511,-10.756,24.057,1.5578
39.9,-0.016605,3.0054,2.9647,-0.67315,-10.757,25.153,1.5791
40,0.011381,0.0033709,-0.0028704,-0.15783,-10.508,24.768,1.5757
40.1,-0.053281,0.038943,0.045581,-1.2535,-10.538,24.942,1.5649
40.2,0.023857,-0.058525,0.0063458,-0.55263,-10.126,24.335,1.5763
40.3,-0.00071975,0.0578,0.019875,0.094053,-9.362,24.869,1.5821
40.4,-0.068464,-0.088944,-0.024452,-0.37198,-10.045,25.048,1.5724
40.5,-0.044502,0.032692,0.00091203,0.59184,-10.27,24.395,1.5801
40.6,0.016697,-0.013938,0.042152,0.21834,-10.142,24.341,1.5732
40.7,0.085643,-0.0068475,0.063014,-0.11088,-10.236,24.915,1.558
40.8,0.081838,0.047761,0.039344,-0.44968,-10.53,24.418,1.5888
40.9,0.053615,0.047864,0.12756,-0.50198,-10.612,25.257,1.576
41,-0.030495,0.021461,0.056846,-0.020406,-10.794,25.493,1.5652
41.1,0.090034,-0.028509,0.020941,-0.37639,-10.241,23.649,1.5643
41.2,-0.026711,0.064183,0.049664,0.16445,-10.263,25.487,1.5905
41.3,0.087115,-0.056797,-0.0084057,-1.2118,-9.4643,24.157,1.5761
41.4,0.020713,0.072683,0.0095112,0.04455,-10.26,24.695,1.5698
41.5,0.030563,-0.1444,-0.026534,-0.13366,-10.699,24.923,1.5802
41.6,0.047588,-0.0073186,-0.016613,-0.25277,-10.399,24.24,1.5755
41.7,0.02399,-0.092739,0.082128,0.44972,-8.9698,24.446,1.5879
41.8,0.014143,-0.012937,0.035348,1.0127,-9.524,24.242,1.5838
41.9,-0.038438,0.026767,0.004351,-0.0775,-10.257,24.803,1.584
42,-0.10077,0.01476,0.016682,-1.1369,-10.052,25.454,1.5748
42.1,-0.048835,0.032635,-0.021615,-0.84513,-9.1281,24.97,1.5748
42.2,-0.079285,-0.015331,0.018144,-1.0327,-10.051,25.227,1.5642
42.3,-0.0085884,-0.033889,0.0011449,0.033285,-10.656,24.685,1.5869
42.4,0.037259,0.10118,0.005795,-0.56492,-10.071,25.449,1.5827
42.5,-0.039042,0.015638,-0.040399,-0.12088,-9.9663,24.967,1.5675
42.6,-0.0041808,0.029521,0.0037149,0.27654,-10.517,25.014,1.577
42.7,0.11286,0.040244,0.10701,-0.11434,-9.1935,25.177,1.5724
42.8,-0.021602,0.008444,0.02405,0.13102,-9.4524,24.464,1.5781
42.9,0.024319,-0.033117,0.066943,-0.1836,-10.541,23.857,1.563
43,-0.10253,-0.028839,0.09066,0.77434,-9.2192,24.946,1.577
43.1,-0.021932,-0.061765,-0.0025102,-0.83201,-9.3465,24.868,1.5807
43.2,0.046731,-0.031936,-0.023284,-0.39261,-8.9264,24.994,1.5705
43.3,-0.0030282,-0.031259,-0.0971,0.55663,-10.224,25.107,1.5805
43.4,0.035256,-0.041205,-0.069929,-0.92704,-9.6584,24.321,1.5887
43.5,-0.02031,0.025677,-0.0063227,-0.42007,-9.3362,24.966,1.5743
43.6,0.00093089,0.012374,-0.064197,-0.94213,-10.632,25.334,1.5821
43.7,-0.0051664,0.10447,-0.055566,0.081278,-9.8525,25.229,1.5776
43.8,0.0024323,-0.0088677,-0.028757,-0.6671,-10.148,25.011,1.5763
43.9,-0.0325,-0.052471,-0.078656,0.10817,-9.8603,24.722,1.5726
44,0.03251,0.0053266,-0.054726,0.35196,-11.212,25.077,1.5748
44.1,0.010045,0.017306,-0.030869,0.49709,-10.18,24.513,1.5663
44.2,-0.042079,-0.020821,0.011461,-0.73951,-10.649,24.462,1.5738
44.3,-0.0081825,0.042747,0.045209,-0.15104,-9.9913,24.18,1.5808
44.4,-0.0064173,0.023106,0.02387,-0.11648,-9.4624,24.734,1.578
44.5,0.010404,0.086541,-0.080625,-1.2754,-9.7665,25.154,1.5765
44.6,-0.039835,0.038369,-0.10551,-0.69325,-9.3866,24.23,1.5834
44.7,-0.039088,0.070053,0.0093973,-0.82966,-9.6553,23.102,1.5677
44.8,0.029516,0.05007,0.012995,-0.011189,-10.423,25.461,1.5768
44.9,0.014388,0.042493,0.025875,-0.13781,-9.4786,23.866,1.5678
45,0.056184,-0.016854,-0.0027632,0.11795,-9.2276,25.329,1.588
45.1,-0.096138,-0.014881,-0.022829,-0.27093,-9.9167,24.191,1.5803
45.2,-0.023396,0.032098,0.038322,-0.16741,-10.163,23.935,1.578
45.3,0.036967,0.0090011,0.0038481,-0.015624,-10.173,24.966,1.5722
45.4,-0.049817,-0.088133,-0.094412,-0.059398,-10.472,24.813,1.5853
45.5,-0.11225,0.14006,-0.042124,-0.32898,-9.8695,24.739,1.5779
45.6,-0.015423,-0.031864,0.048471,-0.8992,-10.362,23.838,1.5689
45.7,0.036169,-0.017969,-0.032436,-0.47032,-9.8474,24.712,1.5777
45.8,-0.016689,0.012186,0.0013022,-0.59521,-9.7936,24.109,1.5603
45.9,-0.0063989,0.024071,0.089643,-0.15585,-10.227,24.228,1.5937
46,0.02856,-0.025692,0.067671,0.077602,-10.049,25.56,1.5643
46.1,-0.031946,-0.0019024,-0.037284,-1.2277,-9.9148,24.839,1.5677
46.2,-0.0045046,0.038133,-0.09679,-0.33359,-10.387,25.249,1.562
46.3,0.012518,-0.0067144,0.017276,-0.14894,-10.564,25.577,1.5766
46.4,0.014674,0.099194,-0.045512,-0.11584,-9.9741,24.929,1.5876
46.5,0.041003,-0.038047,0.053018,-0.35788,-10.846,25.058,1.5748
46.6,-0.01657,-0.035539,0.067855,-0.45035,-10.374,24.538,1.5732
46.7,-0.0050203,0.030408,0.014199,-0.12508,-9.6906,24.789,1.5889
46.8,0.030563,0.0059564,0.0011489,-0.99369,-10.763,24.641,1.568
46.9,0.10293,0.068686,-0.029547,0.1027,-10.877,25.51,1.5648
47,0.043935,-0.11552,-0.089763,-0.2769,-9.7018,24.192,1.5756
47.1,-0.028192,0.09291,-0.10778,0.42373,-10.137,25.346,1.5569
47.2,0.012906,0.049433,-0.036807,0.0067656,-10.555,24.905,1.5635
47.3,0.045085,-0.0094751,0.011237,0.14194,-10.33,25.071,1.5674
47.4,0.073147,-0.028996,-0.079697,-1.1923,-9.6504,25.855,1.587
47.5,0.016163,-0.0087204,0.00086704,0.077069,-11.064,24.15,1.58
47.6,0.04427,-0.014587,0.021956,-0.32517,-9.3969,25.217,1.5681
47.7,-0.040932,0.058611,-0.10056,-0.481,-10.957,24.216,1.5804
47.8,-0.041906,0.15983,0.023869,-0.41886,-10.681,24.501,1.5827
47.9,0.11797,0.021599,0.049878,-0.42918,-9.5552,24.026,1.5695
48,-0.06618,-0.079493,0.044811,0.046594,-9.7421,24.149,1.5746
48.1,0.08067,-0.11858,0.0031353,-0.047248,-9.6995,24.514,1.5737
48.2,0.050711,-0.068855,0.0083135,-0.095347,-9.7464,24.186,1.5702
48.3,0.0073916,0.007178,-0.015162,0.73443,-10.685,24.757,1.5759
48.4,-0.0089172,0.059284,-0.02094,-1.0533,-10.807,24.063,1.5789
48.5,-0.025002,0.036099,0.010119,-0.76735,-9.8702,24.32,1.5831
48.6,0.053124,0.054852,-0.050461,-0.20626,-9.2335,24.823,1.5552
48.7,-0.011377,0.084212,0.045406,-0.97651,-9.8595,24.127,1.5844
48.8,0.02613,-0.014755,-0.032976,-0.86137,-10.875,23.99,1.5696
48.9,-0.008578,0.074746,-0.045299,0.21369,-10.229,24.473,1.567
49,-0.05055,0.035771,0.021842,-0.36067,-10.344,25.018,1.562
49.1,0.01977,-0.011824,0.025855,-0.46173,-10.071,25.455,1.5875
49.2,0.11655,0.056295,-0.039978,-0.11677,-9.5566,24.962,1.5793
49.3,-0.042529,-0.0068553,0.0086253,-0.74464,-10.238,24.137,1.5691
49.4,0.018764,-0.064116,-0.051054,-0.4665,-9.7154,24.913,1.5905
49.5,0.081979,0.043322,0.0024238,-0.011164,-9.4827,24.225,1.564
49.6,0.019342,-0.013603,-0.0056187,-1.1888,-10.475,24.704,1.5756
49.7,0.0061522,0.0047402,-0.017638,-0.093968,-9.9608,24.891,1.5593
49.8,-0.024797,0.067569,-0.0012614,-0.33375,-10.621,25.056,1.5821
49.9,0.032291,-0.0072205,0.033303,0.17792,-8.9551,25.119,1.5565
50,0.067439,-0.055215,-0.018946,0.42077,-10.091,24.475,1.5922
50.1,0.058304,-0.091679,0.017855,-0.27009,-9.7695,24.664,1.5946
50.2,0.0082564,-0.0057653,-0.0028476,0.12804,-11.715,25.175,1.5555
50.3,0.0038797,-0.083271,0.13676,-0.67186,-9.872,26.049,1.5722
50.4,0.045854,-0.021458,-0.037452,0.39472,-10.298,24.516,1.5815
50.5,-0.064275,-0.053997,0.025385,0.35667,-11.268,24.824,1.575
50.6,-0.012707,-0.0065399,-0.014721,-0.46818,-9.4554,25.111,1.5702
50.7,0.048127,-0.014175,0.11009,0.92669,-9.9013,25.386,1.568
50.8,0.014231,-0.024434,-0.063652,-0.12829,-9.9874,24.219,1.5723
50.9,0.071713,-0.088318,0.055425,-0.93015,-9.5261,25.392,1.5827
51,-0.00069035,0.079946,-0.037347,0.75213,-9.1294,25.205,1.5691
51.1,0.071457,0.0001469,0.0099072,-0.78518,-9.5105,24.458,1.5925
51.2,0.057661,0.032854,0.015547,-0.38321,-9.7642,25.323,1.5566
51.3,0.026855,-0.019778,0.043148,-0.36171,-10.67,24.305,1.5826
51.4,-0.024897,-0.061522,0.09325,-0.27725,-10.622,24.407,1.578
51.5,-0.10512,-0.04168,-0.0034177,0.04325,-9.8157,25.125,1.5851
51.6,0.0083209,0.0045432,0.027552,-1.1991,-10.072,24.272,1.5588
51.7,0.063061,0.05554,0.085045,0.25222,-10.047,24.112,1.5625
51.8,0.023643,0.039074,-0.091606,-0.38217,-9.9196,24.701,1.5725
51.9,0.043439,0.048507,0.10211,0.25469,-9.553,24.906,1.5765
52,-0.065091,0.067497,0.049059,-0.50741,-9.9379,24.014,1.5658
52.1,-0.025032,-0.048775,-0.10187,-0.21278,-10.067,24.902,1.5738
52.2,0.097605,0.015184,-0.036568,0.18719,-10.194,25.871,1.5724
52.3,-0.035345,0.017427,-0.061473,0.05599,-10.074,23.987,1.577
52.4,-0.039163,0.012314,0.007723,-0.31207,-10.038,24.21,1.5796
52.5,-0.044373,0.038823,0.02953,-0.35743,-9.9007,24.311,1.5584
52.6,0.029982,-0.0089855,-0.015154,-1.2219,-10.432,24.822,1.5876
52.7,0.06817,-0.034004,-0.028868,-0.67453,-9.5108,24.388,1.576
52.8,-0.052143,-0.043851,-0.1062,-0.29784,-9.7066,24.968,1.5851
52.9,0.0084795,-0.010004,-0.04233,-0.15833,-9.1112,25.182,1.5695
53,0.080959,0.052812,0.013739,0.20189,-10.293,24.457,1.5717
53.1,-0.054717,0.019245,-0.0087448,-0.97259,-10.693,25.346,1.5594
53.2,-0.020481,-0.0099312,0.01143,-0.37808,-9.9355,25.208,1.5782
53.3,0.0025572,-0.0095003,0.054821,-0.92848,-9.2805,25.056,1.5801
53.4,0.05945,0.045446,0.034946,-0.18301,-10.052,24.437,1.571
53.5,-0.022505,-0.010117,-0.054513,-0.83149,-10.612,24.315,1.5853
53.6,-0.046381,0.019293,-0.0094197,0.26753,-9.352,24.243,1.5728
53.7,-0.042942,0.018618,0.011362,0.229,-9.7259,24.58,1.5855
53.8,0.0093322,-0.033054,0.054094,0.15815,-11.064,24.083,1.5655
53.9,-0.066984,-0.073544,-0.045885,0.1629,-10.467,25.153,1.5711
54,-0.015478,0.055509,-0.041914,-0.8104,-9.6177,24.035,1.5686
54.1,0.10837,0.0053259,0.020363,0.23423,-9.6787,24.919,1.5634
54.2,0.057879,0.062611,-0.016407,0.16,-9.7609,25.023,1.5833
54.3,-0.033854,-0.025004,-0.041349,-0.61637,-10.065,24.752,1.5664
54.4,0.10765,0.032215,0.052053,-0.54931,-9.7999,25.228,1.5766
54.5,-0.048282,-0.04005,-0.013985,-0.35526,-10.299,24.168,1.5809
54.6,0.063312,-0.019295,-0.08953,0.066316,-9.7968,25.034,1.5622
54.7,-0.056549,0.08882,0.0419,1.0012,-10.009,24.687,1.584
54.8,-0.029144,0.079154,0.025925,-0.49165,-10.337,24.057,1.5817
54.9,-0.048851,-0.0045902,0.067263,-0.44306,-9.7234,24.57,1.5819
55,0.039549,-0.0081855,0.0019658,-0.45008,-9.7628,25.4,1.5802
55.1,0.064645,0.049936,-0.03002,0.49163,-10.578,23.992,1.5625
55.2,0.0052231,-0.023324,-0.029964,-0.50839,-10.421,24.028,1.5619
55.3,0.0016357,-0.043929,-0.071886,-0.73823,-9.6487,25.103,1.5687
55.4,-0.004256,0.049025,0.08121,-0.1203,-10.211,25.172,1.5784
55.5,0.001732,-0.045143,-0.0057833,0.35349,-10.139,24.636,1.5657
55.6,0.076967,-0.045942,-0.0032255,-0.011817,-9.237,24.761,1.5647
55.7,-0.038485,0.025002,-0.098544,0.28181,-10.19,24.555,1.5702
55.8,-0.081847,0.026352,-0.078492,-0.0075402,-10.014,24.349,1.5788
55.9,0.040765,-0.11689,0.031462,0.24386,-10.023,23.816,1.5787
56,-0.0047817,-0.046792,0.020871,-0.69309,-10.025,24.753,1.5656
56.1,0.025649,0.0057433,-0.032055,0.23256,-8.9585,25.745,1.5663
56.2,0.045232,-0.00469,-0.090502,-0.52048,-10.598,25.523,1.5717
56.3,0.023559,-0.0085053,-0.0076301,-0.0032806,-10.148,24.629,1.5831
56.4,0.041008,-0.030518,0.10291,-0.27511,-10.239,24.711,1.588
56.5,-0.13203,-0.01539,-0.052384,-0.57649,-9.4514,24.702,1.5675
56.6,-0.036737,-0.05755,-0.052408,-1.4436,-9.7781,24.519,1.5703
56.7,0.019854,-0.010282,0.044623,-0.35124,-9.7142,24.724,1.5787
56.8,0.0051215,-0.085524,-0.0055945,-0.88981,-9.5251,25.122,1.5671
56.9,-0.049963,-0.034495,-0.031049,-0.60705,-9.9025,23.881,1.5808
57,-0.053191,-0.015386,0.054411,0.89008,-9.7914,23.589,1.5795
57.1,0.029026,-0.036376,-0.0021563,-0.77232,-10.348,23.517,1.5776
57.2,-0.067344,0.034997,0.055136,-0.1289,-9.3013,24.752,1.5955
57.3,0.050674,0.01346,-0.029159,0.12592,-9.5096,24.656,1.5719
57.4,0.027439,0.017844,-0.023223,-0.0014337,-9.8417,24.033,1.5665
57.5,-0.014462,0.025587,0.0055761,0.20908,-10.095,25.375,1.565
57.6,0.022553,0.088999,-0.058582,-0.020526,-10.018,24.303,1.5822
57.7,0.01038,0.001087,-0.016765,0.11696,-9.7756,25.221,1.5715
57.8,0.049899,0.073475,-0.014446,-0.11282,-9.7039,24.684,1.5978
57.9,-0.061308,-0.063546,-0.044168,-0.61331,-10.188,25.181,1.5691
58,-0.01529,-0.015985,0.0043802,-0.12978,-9.9627,24.77,1.5865
58.1,0.02481,-0.023743,-0.0014134,0.084603,-10.245,24.792,1.5801
58.2,0.011616,0.0013545,0.022676,0.032225,-9.7737,24.579,1.5876
58.3,0.069218,0.018611,-0.0054655,0.20357,-10.929,25.019,1.5875
58.4,-0.011968,-0.027307,0.01267,-0.13037,-10.887,24.721,1.5742
58.5,0.005035,-0.0088543,0.040885,-0.40893,-9.5747,24.699,1.5828
58.6,-0.042848,-0.0083895,-0.0037771,-0.3764,-9.2817,24.44,1.5583
58.7,0.016319,0.073698,0.0012536,0.13333,-10.082,24.42,1.5786
58.8,-0.031144,-0.028077,-0.051871,-0.039236,-10.244,24.319,1.5713
58.9,0.024568,-0.034483,0.049098,-0.49416,-9.3647,25.052,1.5816
59,0.10189,-0.0032338,-0.043394,-0.019125,-9.4531,24.206,1.5637
59.1,-0.021126,-0.0039429,0.067652,-0.55198,-9.4814,24.18,1.5664
59.2,-0.05755,-0.012483,0.0086006,-0.29599,-11.109,24.808,1.5853
59.3,0.038776,0.029437,0.061147,-0.19445,-9.8866,24.803,1.5905
59.4,0.062825,0.047854,0.051776,0.38901,-10.109,24.574,1.5874
59.5,-0.042731,0.033976,-0.07232,-0.21643,-9.89,24.102,1.581
59.6,-0.056149,-0.033642,-0.014776,0.21864,-10.329,25.53,1.5655
59.7,0.043103,0.017041,-0.0013796,-0.35134,-10.262,25.246,1.5732
59.8,0.0037606,0.064237,-0.011993,-0.51136,-9.7092,24.841,1.5717
59.9,0.00025913,0.0098785,-0.051062,0.49783,-9.4558,24.753,1.5766
60,-0.019495,-0.090731,-0.029496,-0.24552,-9.8805,24.241,1.5801
60.1,0.041747,0.067881,0.0058495,-0.46358,-10.168,24.487,1.5697
60.2,-0.035423,-0.027087,0.020353,-0.69198,-10.371,24.285,1.5861
60.3,-0.05582,0.033616,0.024798,-0.2891,-9.4401,24.967,1.5729
60.4,0.0063386,0.029306,-0.090857,-0.20889,-9.9392,24.935,1.58
60.5,-0.031157,-0.11524,-0.004269,-0.091886,-11.102,24.836,1.5761
60.6,0.1043,-0.020012,0.036033,-0.28875,-10.61,24.45,1.5954
60.7,0.0089868,0.050402,0.03359,-0.65754,-9.9241,24.576,1.583
60.8,-0.0022833,0.052477,-0.14053,-0.044129,-9.514,24.636,1.5631
60.9,0.094384,-0.055323,0.067489,0.52633,-10.675,24.52,1.588
61,0.12474,0.00352,0.096503,-0.17889,-9.1053,23.675,1.5846
61.1,0.01332,0.036128,-0.013895,-0.44875,-9.4184,24.496,1.5775
61.2,-0.025528,0.09921,0.05051,-0.17795,-10.341,23.501,1.579
61.3,0.055223,0.016366,0.022148,-0.51387,-10.509,25.053,1.5921
61.4,-0.087994,0.10178,-0.00044653,-0.73472,-8.9735,25.242,1.5733
61.5,-0.038374,-0.090858,-0.035161,-1.3552,-10.101,25.154,1.5787
61.6,-0.0054064,0.027291,0.066707,-0.86221,-10.614,24.62,1.5889
61.7,-0.056168,0.036126,0.045617,0.19002,-9.4274,24.428,1.5719
61.8,0.046542,0.042318,-0.10009,-0.34206,-10.277,24.492,1.5675
61.9,-0.040356,0.046257,-0.0022376,-0.051149,-10.031,24.835,1.5779
62,0.090178,0.011343,0.052281,-0.52205,-9.7022,25.243,1.5803
62.1,-0.080533,-0.024029,0.026155,-0.44967,-9.7549,24.437,1.5766
62.2,0.061692,0.029152,-0.037386,0.33897,-8.9657,24.543,1.5661
62.3,-0.052629,-0.012066,-0.032389,-0.37427,-9.7388,25.177,1.5961
62.4,-0.029132,0.023182,-0.029774,-1.1379,-9.3737,24.557,1.5789
62.5,0.040678,-0.045613,0.0064238,0.012007,-9.3796,24.376,1.6016
62.6,0.016549,0.033004,-0.063096,0.061371,-9.8087,25.376,1.5797
62.7,0.022102,-0.024645,0.0022977,-0.69263,-11.542,25.243,1.5604
62.8,0.018668,0.023794,-0.084312,-0.45345,-9.5911,24.616,1.5667
62.9,-0.036101,0.021421,0.020757,-0.35308,-9.7187,24.59,1.5818
63,0.016021,0.074591,-0.053311,0.28513,-10.527,24.554,1.602
63.1,-0.040457,0.040157,0.032708,-0.57977,-10.533,24.761,1.5803
63.2,0.0028934,-0.0069528,-0.13512,-0.36936,-8.7253,24.751,1.5737
63.3,0.027377,0.075177,-0.005247,0.43737,-9.5224,24.818,1.5761
63.4,0.05698,-0.060979,-0.058075,-0.28863,-9.8763,25.069,1.5772
63.5,0.023264,0.088246,-0.055058,-0.59565,-9.9277,24.884,1.5891
63.6,-0.032467,0.039801,0.01199,-0.97365,-10.272,24.837,1.576
63.7,0.0045346,-0.0013424,-0.01191,-0.40034,-9.1545,24.736,1.5827
63.8,-0.037976,0.02618,-0.06342,-0.39633,-9.8367,24.201,1.5741
63.9,0.0027486,0.0059217,-0.020652,-0.42973,-10.031,24.495,1.5621
64,-0.013991,-0.052054,-0.052247,-0.30937,-10.092,24.905,1.5877
64.1,-0.039471,0.16069,-0.0085385,-0.53709,-10.846,25.472,1.5878
64.2,0.076852,-0.028802,0.059412,-0.6344,-9.6898,24.789,1.5774
64.3,0.040539,0.0077055,0.026996,-0.28786,-9.8347,24.794,1.5592
64.4,-0.1554,0.057322,-0.13032,1.0802,-9.9623,25.281,1.5653
64.5,-0.083875,0.0064849,0.040571,-0.62431,-10.075,24.374,1.5778
64.6,0.076617,0.0086823,-0.0034699,-0.036335,-10.362,24.429,1.5785
64.7,0.02818,-0.031842,-0.0018662,-0.36185,-10.564,24.842,1.5738
64.8,-0.065256,0.084498,0.020886,-0.18388,-10.698,24.519,1.5916
64.9,-0.073041,0.073021,0.062919,-0.81072,-10.448,24.287,1.5621
65,-0.10793,-0.027008,-0.013947,-0.032587,-9.2568,24.187,1.5899
65.1,0.078256,-0.042524,-0.031229,-0.69696,-9.6081,24.018,1.5903
65.2,-0.083909,0.0032973,-0.045006,-0.38365,-9.9979,24.687,1.566
65.3,0.043549,0.022813,0.061004,0.55284,-10.753,24.619,1.5646
65.4,0.0039482,-0.017363,-0.044698,0.13438,-9.657,24.535,1.5651
65.5,-0.004149,-0.003434,0.057529,-0.37708,-10.142,23.915,1.5799
65.6,0.030378,-0.050747,-0.031001,-0.7036,-9.6215,24.565,1.5764
65.7,0.0028178,0.077323,-0.019947,-1.3093,-8.8844,24.039,1.5882
65.8,0.047669,-0.0061724,0.039299,-0.97758,-9.975,24.488,1.5908
65.9,-0.058624,0.092801,0.032305,0.20223,-9.8741,24.693,1.5867
66,-0.030693,-0.02786,-0.070116,-0.080509,-10.52,25.099,1.5836
66.1,-0.0039781,0.050742,-0.030383,-0.72712,-10.628,24.816,1.5756
66.2,0.073061,0.015897,-0.025767,-0.60786,-9.2606,24.725,1.5838
66.3,0.022468,-0.019573,0.027293,0.02121,-10.546,24.552,1.5736
66.4,-0.0063876,-0.11486,0.024793,-0.11647,-10.448,24.711,1.5811
66.5,0.079142,0.040131,-0.0020191,-0.7835,-11.075,23.649,1.5508
66.6,-0.08566,0.067757,-0.0098865,-0.45146,-8.8413,25.035,1.5733
66.7,-0.045988,-0.031184,0.016916,0.051484,-9.742,25.207,1.5721
66.8,0.093154,-0.022693,0.006903,-0.47111,-9.86,24.548,1.5782
66.9,0.00097021,0.087708,-0.037679,-1.406,-10.075,24.72,1.5805
67,0.042582,-0.048434,0.11025,0.24091,-10.299,24.432,1.5713
67.1,0.053574,-0.070665,-0.014128,-0.31127,-10.684,24.98,1.5896
67.2,0.032489,0.012685,0.088707,-0.71389,-9.7261,25.517,1.5806
67.3,0.055121,-0.037931,-0.031335,-0.22927,-10.403,24.614,1.585
67.4,0.075065,-0.011749,-0.017713,0.076791,-9.3325,24.907,1.5689
67.5,0.042061,-0.02756,0.048022,0.49805,-10.217,24.628,1.5759
67.6,0.06178,-0.045211,0.11994,-0.48447,-10.578,24.452,1.5867
67.7,-0.070772,-0.072604,0.015768,-0.44525,-10.181,25.531,1.5656
67.8,0.042311,0.051721,-0.003571,-0.79875,-10.034,25.211,1.5587
67.9,-0.03429,0.0020924,0.035451,-0.30911,-10.191,24.617,1.581
68,-0.0065789,0.034963,-0.079096,-0.56523,-10.808,24.079,1.569
68.1,-0.055443,0.013625,-0.067303,-0.32295,-9.9551,23.871,1.5512
68.2,0.031527,-0.036766,-0.057031,-0.97724,-11.219,25.058,1.5769
68.3,-0.026739,0.010152,0.0049804,0.019956,-9.9437,23.893,1.5551
68.4,0.023038,0.036325,-0.032165,-0.2805,-9.8339,24.948,1.588
68.5,0.090169,0.001838,0.017507,-0.27681,-9.6559,23.809,1.5761
68.6,-0.057802,0.027073,0.059797,-0.57706,-10.413,24.738,1.5783
68.7,0.1077,0.050035,0.058742,-1.0363,-10.211,23.726,1.5785
68.8,0.047968,0.060398,-0.064431,-0.057888,-10.765,25.233,1.5701
68.9,0.075969,0.026721,-0.0082058,0.4715,-10.329,24.567,1.5816
69,-0.014493,-0.075527,-0.026123,-0.83102,-9.4457,24.95,1.5912
69.1,0.10307,0.013129,-0.005091,-0.53082,-10.258,24.964,1.5767
69.2,-0.033627,-0.0089683,-0.0041518,0.37115,-10.342,25.132,1.5788
69.3,-0.097164,0.02605,-0.058434,-0.88843,-9.7721,25.001,1.5732
69.4,-0.090497,-0.014459,0.0092126,-0.26738,-10.024,24.999,1.5724
69.5,0.00096518,0.071571,0.0027688,-0.10704,-9.9502,23.973,1.5752
69.6,0.097632,-0.038574,0.054115,-0.55774,-9.8912,25.311,1.5687
69.7,-0.10524,-0.019636,0.06574,-0.85986,-10.201,24.053,1.5802
69.8,0.0045403,-0.030912,-0.011705,-0.94254,-9.7704,24.795,1.5877
69.9,0.029291,-0.030099,-0.026864,-0.33994,-10.518,24.317,1.573
70,0.020131,0.013607,-0.027806,0.11395,-10.235,25.047,1.578
70.1,-0.0082282,0.047813,-0.013711,0.28644,-9.8433,24.282,1.5725
70.2,-0.093888,0.015564,0.0057348,0.076431,-10.415,24.527,1.5571
70.3,0.0057941,0.082857,-0.08575,-0.41193,-10.041,24.19,1.584
70.4,-0.048592,0.074689,-0.034865,-0.53256,-11.152,25.152,1.5866
70.5,-0.0030551,-0.01788,0.018882,-0.15445,-10.47,24.937,1.5622
70.6,-0.0040376,0.083606,0.025267,0.30016,-10.258,24.542,1.5832
70.7,0.016211,-0.0056806,-0.034629,-1.1269,-9.6354,24.931,1.6026
70.8,-0.011907,0.056214,0.12275,-0.26295,-10.289,23.543,1.5574
70.9,0.059683,-0.029298,-0.056478,-0.08136,-9.8798,24.982,1.5733
71,-0.044754,0.0043793,0.034576,-0.56742,-10.437,24.404,1.5822
71.1,-0.076429,0.015726,-0.016383,-0.96898,-9.9405,25.09,1.5785
71.2,0.090919,0.037284,-0.0028894,0.066387,-10.564,24.063,1.5684
71.3,0.065637,0.10366,0.057189,-0.090842,-10.147,24.693,1.578
71.4,0.055702,0.0068656,0.0077706,0.32811,-9.656,25.538,1.5828
71.5,-0.024719,-0.014247,-0.022825,-0.98643,-9.4049,24.756,1.5919
71.6,-0.04737,0.042278,-0.033054,0.72197,-10.524,24.909,1.5879
71.7,-0.026712,-0.012436,0.0087097,-0.28622,-9.437,24.505,1.566
71.8,0.0081365,0.064032,-0.05849,-0.55207,-9.2315,23.945,1.58
71.9,0.096116,-0.016014,0.09844,-0.21857,-9.7882,24.789,1.5718
72,0.048641,-0.0036449,0.072794,-0.30865,-9.7452,24.186,1.5727
72.1,0.016292,0.050078,0.012312,-0.47472,-10.46,24.074,1.5631
72.2,-0.0059977,-0.0043754,-0.012108,-0.53924,-10.081,24.61,1.5862
72.3,0.1618,-0.077392,0.098789,-0.4169,-10.309,24.225,1.5823
72.4,0.011772,0.0096517,0.062763,-0.19748,-9.8379,24.846,1.5638
72.5,0.013134,-0.069597,0.010112,0.0048097,-10.158,24.729,1.5771
72.6,0.048692,-0.004666,-0.029502,-0.18382,-10.401,24.164,1.5807
72.7,0.038875,0.092034,-0.073428,-0.98274,-9.4409,25.108,1.5826
72.8,0.018863,-0.0008103,-0.058296,0.51924,-11.224,25.043,1.5877
72.9,0.07654,0.00055651,0.027996,0.22614,-9.8733,25.206,1.5628
73,-0.033416,0.096295,0.046536,-0.011044,-9.955,23.861,1.5854
73.1,-0.028669,-0.07509,0.044485,-0.73831,-9.7933,24.876,1.5705
73.2,-0.0634,0.041676,0.020487,-0.3459,-9.7397,24.612,1.5842
73.3,-0.058283,-0.010705,0.084699,-0.64713,-9.6281,25.335,1.5865
73.4,0.064122,-0.063139,-0.0028662,-1.2008,-10.285,24.746,1.5723
73.5,0.019097,-0.010712,0.056819,-0.021305,-10.265,24.669,1.5805
73.6,0.04591,0.020229,0.028875,-0.05288,-10.554,24.54,1.5714
73.7,0.023796,0.057894,0.0085657,-0.53227,-10.865,24.766,1.5565
73.8,0.038647,0.027602,-0.0044808,-0.6271,-9.6725,24.748,1.584
73.9,-0.064911,-0.013813,0.020778,0.072467,-9.7914,23.872,1.5746
74,-0.040162,0.0086406,-0.028791,-0.39466,-10.304,24.536,1.5978
74.1,-0.007216,-0.054572,0.051192,-0.59826,-9.2041,24.494,1.5797
74.2,-0.053689,0.0058341,-0.090415,-1.1653,-9.8919,23.857,1.5661
74.3,0.090369,0.034906,-0.069808,0.40891,-9.9041,23.911,1.5728
74.4,-0.09182,-0.030958,0.0062976,-0.96385,-10.123,25.673,1.5728
74.5,-0.0373,-0.039274,-0.0010576,-0.51633,-9.2301,25.356,1.5574
74.6,0.044537,0.12152,-0.049095,-0.61932,-9.8067,25.005,1.5647
74.7,-0.034004,-0.074318,-0.026249,0.61087,-9.8477,24.247,1.5874
74.8,0.018413,-0.02706,-0.038633,0.19387,-9.9759,25.167,1.5671
74.9,-0.0083682,0.068264,-0.015785,-0.87993,-9.9818,24.114,1.5784
75,0.0033476,0.0089294,-0.075954,0.54186,-10.341,24.185,1.5714
75.1,0.037992,-8.8377e-05,-0.014216,-0.70027,-10.069,24.76,1.5716
75.2,-0.031058,0.043826,0.024566,-1.0937,-11.026,25.316,1.5786
75.3,-0.0077201,0.040527,-0.10921,-0.50018,-9.7833,24.489,1.5783
75.4,0.063153,0.0020693,-0.05374,-0.043347,-9.1687,24.414,1.569
75.5,-0.034619,-0.010937,0.026476,0.81532,-10.37,25.217,1.5804
75.6,-0.022572,-0.046967,0.11251,0.8491,-9.5894,24.453,1.5886
75.7,0.071475,-0.021344,0.014124,-1.1067,-10.276,24.956,1.5793
75.8,-0.03858,0.039046,-0.059338,0.23602,-9.8052,24.523,1.5714
75.9,-0.03365,-0.029898,0.039882,0.79356,-9.2758,24.769,1.5633
76,-0.060484,-0.046232,-0.052699,-0.46701,-10.009,24.179,1.5696
76.1,0.039029,0.016782,0.12275,-0.41489,-9.953,24.757,1.5991
76.2,-0.058608,-0.054942,0.055826,-0.10639,-10.191,24.074,1.5761
76.3,0.089239,-0.063642,-0.044504,0.072297,-10.575,24.409,1.578
76.4,0.0089952,-0.022821,0.0046626,-0.6864,-10.615,25.264,1.5759
76.5,-0.01737,0.095907,0.080055,0.37048,-10.125,23.155,1.5802
76.6,0.038431,0.01906,0.024039,-0.61346,-9.8071,24.466,1.5732
76.7,-0.102,0.028371,-0.0083032,-0.46445,-10.007,24.693,1.5564
76.8,0.00014744,0.068351,0.0014808,-0.00053756,-9.6925,24.385,1.5743
76.9,-0.020713,0.0077271,0.0053333,-0.23056,-10.507,24.877,1.5875
77,0.029395,0.05288,0.072231,-0.010419,-10.407,24.424,1.5649
77.1,-0.042326,0.043578,-0.018255,-0.27586,-9.9796,24.802,1.5641
77.2,0.014048,0.016704,-0.024739,0.58626,-10.212,24.598,1.573
77.3,0.051031,-0.084141,0.051317,0.034486,-11.07,25.053,1.5752
77.4,0.046931,0.0098181,-0.056401,-0.82933,-8.9212,24.7,1.5662
77.5,-0.031254,0.056852,-0.071897,-0.67964,-10.361,24.894,1.5742
77.6,-0.032045,0.010722,0.059947,-0.073439,-10.01,24.218,1.5674
77.7,0.0087679,-0.0025146,0.081115,-0.029629,-9.5353,24.14,1.5766
77.8,0.055665,0.00023274,-0.012711,-0.2902,-10.123,24.284,1.5768
77.9,0.079135,0.02642,-0.053553,0.4017,-9.4919,24.59,1.5825
78,-0.010961,-0.016013,-0.0019502,0.0768,-10.273,25.437,1.5675
78.1,0.081051,-0.021569,0.041389,-0.83564,-9.2054,24.858,1.5745
78.2,0.034429,0.034479,-0.059451,-0.492,-10.535,24.805,1.57
78.3,-0.032151,0.069337,0.0076203,-0.23763,-10.66,24.874,1.5697
78.4,0.089704,0.02811,0.019022,0.59005,-10.815,24.614,1.5886
78.5,-0.037649,-0.037843,-0.071326,-0.065869,-10.175,24.857,1.5827
78.6,0.030862,-0.062854,0.12013,0.28509,-9.185,24.876,1.5853
78.7,0.056603,-0.014016,0.026892,-1.2179,-9.9559,24.395,1.5785
78.8,-0.014008,-0.018734,-0.057559,-1.4167,-10.154,24.583,1.5722
78.9,-0.063464,-0.069768,0.046657,-1.2912,-10.351,23.227,1.5932
79,-0.067229,-0.02071,0.0094744,0.23294,-9.7579,25.428,1.5744
79.1,0.043703,-0.012276,-0.050133,-0.98379,-10.063,24.801,1.5674
79.2,-0.026748,-0.031256,-0.084321,-0.82318,-10.501,24.123,1.5682
79.3,-0.030054,0.031271,0.032466,-0.084659,-10.341,25.109,1.5816
79.4,0.019239,-0.11973,0.055618,-1.0437,-10.05,24.816,1.5959
79.5,-0.054446,0.044958,-0.058237,-0.28742,-10.052,24.61,1.5744
79.6,-0.020974,0.028237,-0.037265,-0.058072,-11.27,24.583,1.5884
79.7,-0.025656,-0.0014393,-0.02804,-0.21607,-10.138,23.618,1.5594
79.8,-0.069959,-0.013518,0.036135,-0.35797,-10.532,23.808,1.5929
79.9,-0.02544,0.034581,0.018135,-0.90562,-9.9486,25.229,1.582
80,0.034142,-0.032745,-0.0070225,-1.0476,-10.18,24.22,1.5749
